event_id,attack_type_id
202001010001,7
202001010002,3
202001010003,3
202001010005,3
202001010006,3
202001010010,3
202001010010,2
202001010011,1
202001010015,7
202001010016,2
202001010019,3
202001010022,3
202001010025,8
202001020001,2
202001020002,6
202001020004,2
202001020005,1
202001020006,2
202001020007,6
202001020007,2
202001020007,7
202001020008,2
202001020008,7
202001020009,2
202001020009,7
202001020012,1
202001020013,6
202001020013,7
202001020014,2
202001020016,1
202001020017,2
202001020019,2
202001020020,2
202001020024,6
202001030001,2
202001030002,2
202001030003,2
202001030003,7
202001030005,2
202001030006,7
202001030007,7
202001030008,6
202001030009,7
202001030011,6
202001030012,3
202001030015,3
202001030016,6
202001030018,1
202001040001,3
202001040002,3
202001040003,2
202001040004,3
202001040005,1
202001040006,3
202001040007,2
202001040008,3
202001040010,3
202001040011,3
202001040012,3
202001040013,3
202001040014,3
202001040015,1
202001050002,2
202001050005,2
202001050006,2
202001050007,2
202001050008,2
202001050009,8
202001050010,1
202001050011,3
202001050012,3
202001050015,3
202001050016,3
202001050017,3
202001050018,3
202001050019,3
202001050021,5
202001050022,6
202001050026,7
202001050028,1
202001050033,3
202001050034,3
202001050035,7
202001050036,2
202001060004,3
202001060007,3
202001060008,6
202001060009,2
202001060014,2
202001060016,3
202001060018,2
202001060019,6
202001060021,3
202001070001,3
202001070002,3
202001070002,2
202001070004,3
202001070006,2
202001070007,1
202001070009,3
202001070011,2
202001070013,2
202001070014,3
202001070015,7
202001070016,2
202001070018,1
202001070020,2
202001070021,3
202001070022,2
202001070022,7
202001070023,7
202001080002,3
202001080003,3
202001080004,7
202001080005,3
202001080006,2
202001080009,3
202001080010,3
202001080011,1
202001080012,3
202001080013,3
202001080017,2
202001080018,2
202001090002,7
202001090003,2
202001090004,2
202001090005,3
202001090006,1
202001090007,8
202001090007,7
202001090009,2
202001090011,3
202001090013,2
202001090014,3
202001090015,2
202001090016,1
202001090017,1
202001090020,1
202001090021,3
202001090023,2
202001090024,2
202001090025,7
202001090026,3
202001090030,6
202001100001,3
202001100002,1
202001100004,3
202001100007,3
202001100008,3
202001100008,2
202001100009,7
202001100010,2
202001100011,2
202001100012,2
202001100013,1
202001100014,6
202001100014,2
202001100017,6
202001100017,7
202001100019,7
202001100020,7
202001100021,2
202001100022,2
202001110001,1
202001110002,3
202001110005,1
202001110006,7
202001110008,1
202001110009,1
202001110015,2
202001110016,2
202001110017,1
202001110018,3
202001110020,7
202001110021,7
202001110022,3
202001110025,3
202001110026,3
202001110027,2
202001120001,2
202001120002,1
202001120004,3
202001120005,3
202001120006,3
202001120007,2
202001120011,7
202001120013,2
202001120014,2
202001120017,3
202001120019,3
202001120020,3
202001130001,3
202001130001,7
202001130002,6
202001130002,2
202001130003,2
202001130004,3
202001130010,3
202001130011,3
202001130015,3
202001130016,7
202001130017,2
202001130020,6
202001140002,3
202001140003,3
202001140004,2
202001140005,3
202001140006,1
202001140007,3
202001140008,3
202001140009,3
202001140012,3
202001140013,6
202001140019,1
202001140020,1
202001140021,3
202001140022,1
202001140023,7
202001140025,6
202001140026,7
202001150002,2
202001150003,2
202001150004,1
202001150004,6
202001150005,2
202001150006,3
202001150007,3
202001150009,2
202001150010,2
202001150012,2
202001150014,3
202001150016,7
202001150017,2
202001150017,7
202001150019,2
202001150019,7
202001150023,2
202001150026,6
202001150026,2
202001150028,2
202001160002,6
202001160003,3
202001160004,3
202001160005,3
202001160006,3
202001160007,1
202001160009,3
202001160016,3
202001160017,3
202001160018,7
202001160019,7
202001160020,7
202001160021,7
202001160022,7
202001160027,3
202001160028,3
202001160031,3
202001160032,2
202001160032,7
202001160033,7
202001160035,7
202001160036,7
202001160037,3
202001160039,2
202001170002,3
202001170003,3
202001170004,2
202001170005,3
202001170007,2
202001170009,3
202001170010,3
202001170012,3
202001170013,7
202001170014,7
202001170015,7
202001170019,2
202001170020,1
202001170020,6
202001170024,6
202001170025,7
202001170026,2
202001170027,2
202001170028,6
202001170028,7
202001180001,3
202001180002,2
202001180003,6
202001180003,2
202001180003,7
202001180004,2
202001180007,3
202001180010,1
202001180011,3
202001180011,2
202001180012,2
202001180014,6
202001180015,6
202001180015,7
202001180017,2
202001190001,1
202001190002,2
202001190005,3
202001190006,3
202001190007,3
202001190008,2
202001190009,2
202001190010,2
202001190011,3
202001190011,2
202001190012,8
202001190012,7
202001190015,6
202001190015,2
202001190016,3
202001190017,3
202001190018,3
202001190020,2
202001190021,3
202001200001,2
202001200002,2
202001200003,2
202001200004,2
202001200005,3
202001200010,1
202001200011,2
202001200012,1
202001200013,7
202001200014,7
202001200015,7
202001200016,7
202001200017,7
202001200018,7
202001200019,3
202001200022,3
202001200023,2
202001200024,2
202001200026,2
202001200027,7
202001200029,2
202001210001,3
202001210002,2
202001210007,7
202001210009,7
202001210010,7
202001210011,7
202001210012,7
202001210015,3
202001210017,2
202001210020,1
202001210021,2
202001210024,3
202001210025,7
202001210026,2
202001210027,2
202001210028,1
202001210029,3
202001210030,3
202001210031,7
202001220001,3
202001220002,1
202001220003,2
202001220004,7
202001220005,7
202001220006,7
202001220007,7
202001220008,7
202001220009,7
202001220010,7
202001220011,3
202001220012,3
202001220013,1
202001220014,6
202001220015,2
202001220016,1
202001220017,2
202001220017,7
202001220022,3
202001220023,3
202001220024,7
202001220025,3
202001220025,7
202001220029,2
202001220030,2
202001220031,3
202001220034,6
202001220034,7
202001230001,6
202001230001,2
202001230002,2
202001230003,2
202001230006,7
202001230007,3
202001230012,7
202001230014,6
202001230014,7
202001230015,1
202001240001,3
202001240002,3
202001240003,2
202001240005,7
202001240006,2
202001240006,7
202001240008,3
202001240010,2
202001240011,2
202001240012,2
202001240015,2
202001250001,3
202001250002,8
202001250003,7
202001250004,6
202001250005,3
202001250008,3
202001250009,3
202001250011,3
202001250012,3
202001250013,3
202001250014,3
202001250016,2
202001250017,3
202001250018,1
202001250020,8
202001250022,2
202001250022,7
202001250023,6
202001250023,7
202001250024,7
202001250026,6
202001250028,6
202001260001,3
202001260002,3
202001260003,2
202001260012,3
202001260013,3
202001260014,2
202001260014,7
202001260015,6
202001260017,6
202001260017,2
202001260017,7
202001260018,3
202001260020,2
202001260021,1
202001260022,3
202001260024,2
202001260024,7
202001260029,2
202001260030,7
202001260031,7
202001260034,3
202001270001,2
202001270002,3
202001270003,3
202001270006,6
202001270007,2
202001270007,7
202001270008,2
202001270008,7
202001270015,3
202001270016,2
202001270017,3
202001270019,3
202001270020,3
202001270021,3
202001270022,3
202001270023,3
202001270034,3
202001270035,3
202001270036,3
202001270037,3
202001270038,3
202001270040,7
202001270041,7
202001270042,7
202001280003,3
202001280003,2
202001280004,2
202001280005,1
202001280006,7
202001280007,1
202001280008,3
202001280021,6
202001280021,2
202001280022,7
202001280023,6
202001280023,2
202001280024,1
202001280025,1
202001280027,3
202001280028,3
202001280029,2
202001280030,1
202001280032,7
202001290001,7
202001290003,7
202001290004,7
202001290005,5
202001290005,2
202001290005,7
202001290006,5
202001290006,2
202001290006,7
202001290007,5
202001290007,2
202001290007,7
202001290009,7
202001290010,2
202001290011,1
202001290012,1
202001290013,1
202001290015,3
202001290020,6
202001290020,2
202001290022,1
202001290023,6
202001290026,3
202001290027,7
202001290035,3
202001290036,3
202001290037,3
202001290038,2
202001290043,7
202001290044,2
202001290045,2
202001290046,2
202001300001,3
202001300002,3
202001300004,6
202001300006,2
202001300008,2
202001300008,7
202001300011,2
202001300012,3
202001300014,1
202001300016,3
202001300017,3
202001300018,3
202001300033,2
202001300034,7
202001300035,7
202001300038,3
202001300040,3
202001300044,2
202001300045,2
202001300046,2
202001300048,6
202001300051,7
202001300053,2
202001300054,2
202001300055,1
202001310001,6
202001310002,3
202001310002,2
202001310006,3
202001310008,2
202001310011,3
202001310016,3
202001310018,3
202001310019,2
202002010003,3
202002010004,1
202002010005,3
202002010007,3
202002010008,3
202002010009,3
202002010011,2
202002010013,1
202002010015,2
202002010023,2
202002010023,7
202002010024,3
202002020001,2
202002020002,3
202002020003,3
202002020004,3
202002020006,2
202002020010,6
202002020010,7
202002020012,2
202002020013,2
202002020014,2
202002020015,2
202002020016,2
202002020017,2
202002020018,2
202002020020,3
202002020021,1
202002020022,3
202002020023,2
202002020024,7
202002020030,3
202002020031,3
202002020035,2
202002030002,2
202002030005,2
202002030007,7
202002030010,3
202002030011,2
202002030012,7
202002030013,3
202002030014,2
202002030022,7
202002030023,3
202002030026,5
202002040001,2
202002040007,6
202002040007,7
202002040008,6
202002040008,7
202002040009,6
202002040009,7
202002040010,6
202002040010,7
202002040011,6
202002040011,7
202002040013,3
202002040015,3
202002040017,1
202002040019,2
202002040023,6
202002040024,2
202002040027,7
202002040028,2
202002040033,3
202002050001,2
202002050003,3
202002050005,2
202002050006,3
202002050018,2
202002050020,6
202002050021,2
202002050022,2
202002050022,7
202002050023,7
202002050025,7
202002050026,7
202002050027,2
202002050028,3
202002050029,6
202002050030,7
202002050031,2
202002050032,2
202002060005,8
202002060008,3
202002060010,1
202002060012,3
202002060013,2
202002060014,2
202002060020,2
202002060021,2
202002060021,7
202002060022,3
202002060023,6
202002060024,2
202002060027,2
202002060028,3
202002060029,1
202002060030,3
202002070001,2
202002070002,2
202002070002,7
202002070005,3
202002070006,3
202002070008,6
202002070008,7
202002070009,2
202002070010,2
202002070014,3
202002070016,2
202002070020,2
202002070022,3
202002070023,3
202002070024,3
202002080002,2
202002080003,2
202002080004,3
202002080005,3
202002080008,3
202002080009,2
202002080010,3
202002080012,7
202002080013,2
202002080013,7
202002080014,2
202002080014,7
202002080015,2
202002080015,7
202002080016,1
202002080021,3
202002080022,2
202002080023,1
202002090001,3
202002090001,2
202002090002,3
202002090003,6
202002090003,2
202002090003,7
202002090004,2
202002090005,2
202002090005,7
202002090006,3
202002090007,2
202002090007,7
202002090008,1
202002090009,3
202002090013,3
202002090014,2
202002090015,2
202002090016,2
202002090018,2
202002090019,3
202002090022,2
202002090022,7
202002090023,3
202002090024,3
202002090025,3
202002090028,2
202002090029,2
202002090030,2
202002090034,2
202002090035,2
202002090036,1
202002100001,6
202002100001,2
202002100001,7
202002100002,3
202002100005,2
202002100006,3
202002100007,2
202002100008,2
202002100010,2
202002100011,3
202002100014,3
202002100016,3
202002100017,2
202002100018,2
202002100019,3
202002100021,1
202002100022,2
202002100022,7
202002100028,3
202002100030,2
202002100031,3
202002100033,2
202002110001,3
202002110002,3
202002110003,1
202002110004,2
202002110005,2
202002110006,2
202002110006,7
202002110007,2
202002110008,2
202002110009,2
202002110010,2
202002110011,1
202002110013,3
202002110014,3
202002110016,1
202002110018,3
202002110019,3
202002110021,3
202002110022,6
202002110025,3
202002120002,2
202002120003,3
202002120004,2
202002120005,3
202002120007,2
202002120009,2
202002120009,7
202002120010,3
202002120025,1
202002120026,2
202002120026,7
202002120027,2
202002130001,3
202002130002,3
202002130003,3
202002130004,3
202002130004,2
202002130005,2
202002130006,3
202002130007,2
202002130008,3
202002130009,7
202002130011,2
202002130011,7
202002130014,1
202002130015,2
202002130016,7
202002130017,3
202002130018,2
202002140002,3
202002140003,3
202002140004,2
202002140004,7
202002140009,1
202002140010,2
202002140011,2
202002140013,7
202002140014,7
202002140015,7
202002140016,2
202002140016,7
202002140017,2
202002140017,7
202002140020,1
202002140021,2
202002140024,2
202002140025,3
202002140026,2
202002140028,3
202002140029,3
202002140030,3
202002140032,6
202002150002,3
202002150004,2
202002150005,6
202002150005,7
202002150008,1
202002150009,2
202002150010,2
202002150010,7
202002150011,3
202002150012,2
202002150014,2
202002160001,2
202002160001,7
202002160002,2
202002160003,3
202002160005,3
202002160006,3
202002160007,1
202002160008,6
202002160008,2
202002160008,7
202002160009,3
202002160010,3
202002160011,2
202002160012,1
202002160013,2
202002160014,3
202002160015,3
202002160016,2
202002160016,7
202002160018,3
202002160020,2
202002160021,6
202002160021,2
202002160021,7
202002160022,6
202002160022,2
202002160022,7
202002160023,6
202002160023,2
202002160023,7
202002160024,6
202002160024,2
202002160024,7
202002160025,2
202002160026,2
202002160027,2
202002170001,3
202002170002,2
202002170004,3
202002170006,2
202002170007,3
202002170008,1
202002170009,3
202002170010,1
202002170011,2
202002170012,2
202002170013,3
202002170014,2
202002170015,1
202002170017,1
202002170020,3
202002170025,3
202002170026,7
202002170027,3
202002180002,6
202002180002,2
202002180002,7
202002180003,2
202002180004,2
202002180004,7
202002180005,7
202002180007,2
202002180008,6
202002180009,3
202002180010,2
202002180011,2
202002180011,7
202002180013,2
202002180013,7
202002180014,2
202002180014,7
202002180015,3
202002180018,3
202002180019,3
202002180021,2
202002180022,3
202002180022,2
202002180023,2
202002180024,3
202002180025,3
202002180026,2
202002180026,7
202002180027,3
202002180030,1
202002180031,2
202002180032,2
202002180033,2
202002180034,3
202002180035,1
202002180036,7
202002190001,2
202002190002,2
202002190003,2
202002190004,2
202002190005,3
202002190005,2
202002190006,6
202002190008,3
202002190008,2
202002190009,1
202002190015,2
202002190016,2
202002190016,7
202002190017,2
202002190018,3
202002190021,6
202002190022,3
202002190023,3
202002190024,3
202002190025,2
202002190026,7
202002190028,2
202002190029,2
202002190030,2
202002190031,7
202002200002,7
202002200005,3
202002200006,3
202002200010,3
202002200013,2
202002200016,1
202002200017,7
202002200018,7
202002200020,3
202002200021,3
202002200022,3
202002200023,3
202002200024,3
202002200025,2
202002200026,1
202002200028,7
202002200029,1
202002210001,1
202002210002,6
202002210002,7
202002210005,3
202002210007,3
202002210009,1
202002210010,7
202002210013,2
202002210017,2
202002210019,8
202002220002,3
202002220009,2
202002220010,2
202002220011,2
202002220015,3
202002220019,3
202002220020,1
202002220021,7
202002230001,6
202002230004,3
202002230005,2
202002230006,2
202002230007,2
202002230007,7
202002230008,3
202002230010,2
202002230010,7
202002230014,3
202002230015,3
202002230015,2
202002230017,2
202002230018,6
202002230018,2
202002230019,7
202002230020,2
202002230023,3
202002230024,1
202002230025,2
202002240001,2
202002240003,3
202002240006,2
202002240007,3
202002240008,3
202002240009,3
202002240010,3
202002240012,1
202002240015,7
202002240017,1
202002240018,3
202002240020,2
202002250001,1
202002250002,3
202002250003,3
202002250004,3
202002250006,3
202002250008,1
202002250009,3
202002250010,3
202002250014,7
202002250015,2
202002250016,2
202002250017,6
202002260001,3
202002260006,3
202002260008,1
202002260011,6
202002260011,7
202002260015,2
202002260018,6
202002260018,2
202002270002,3
202002270003,2
202002270004,3
202002270005,3
202002270007,3
202002270008,2
202002270009,2
202002270011,3
202002270012,3
202002270016,2
202002270018,3
202002280005,6
202002280005,2
202002280005,7
202002280006,3
202002280007,3
202002280008,2
202002280009,3
202002280010,3
202002280015,3
202002280016,2
202002280024,3
202002290002,2
202002290003,2
202002290004,4
202002290005,2
202002290006,2
202002290006,7
202002290007,3
202002290008,2
202002290009,2
202002290011,3
202002290011,2
202002290012,2
202002290013,2
202002290015,2
202002290017,2
202002290018,2
202002290020,7
202002290021,1
202002290021,6
202003010002,3
202003010003,3
202003010005,2
202003010005,7
202003010006,2
202003010006,7
202003010007,2
202003010007,7
202003010008,7
202003010009,2
202003010009,7
202003010010,2
202003010010,7
202003010011,2
202003010011,7
202003010012,2
202003010012,7
202003010013,3
202003010014,1
202003010018,2
202003010018,7
202003010020,1
202003010022,3
202003010030,7
202003020001,2
202003020003,2
202003020005,2
202003020006,2
202003020007,2
202003020009,2
202003020010,1
202003020012,3
202003020013,2
202003020014,1
202003020015,7
202003020018,3
202003020019,2
202003020020,6
202003020022,2
202003020023,2
202003020024,2
202003020025,2
202003020029,1
202003020030,3
202003020031,1
202003020032,3
202003020033,3
202003020037,2
202003020041,2
202003020042,6
202003020049,2
202003020050,2
202003020051,2
202003020052,6
202003020052,7
202003030003,2
202003030006,2
202003030007,2
202003030008,2
202003030013,2
202003030017,2
202003030021,2
202003030022,3
202003030023,3
202003030025,3
202003030025,2
202003030026,2
202003030027,2
202003030033,6
202003030034,1
202003040002,3
202003040003,2
202003040004,6
202003040009,2
202003040015,2
202003040016,2
202003040018,2
202003040020,2
202003040021,6
202003040021,2
202003040022,6
202003040023,8
202003040024,3
202003040028,6
202003040028,2
202003040029,3
202003040030,7
202003040031,7
202003040032,3
202003050003,7
202003050006,1
202003050007,2
202003050009,3
202003050010,3
202003050011,3
202003050014,2
202003050015,2
202003050017,2
202003050018,7
202003050022,3
202003050023,7
202003050028,5
202003050028,7
202003060001,2
202003060001,7
202003060004,2
202003060006,2
202003060007,3
202003060008,3
202003060009,2
202003060010,3
202003060012,2
202003060014,1
202003060016,3
202003060019,2
202003060020,6
202003060020,7
202003060023,3
202003060026,2
202003060027,3
202003060029,7
202003070001,2
202003070002,3
202003070004,6
202003070004,3
202003070005,3
202003070006,1
202003070007,3
202003070008,6
202003070008,2
202003070008,7
202003070009,2
202003070011,7
202003070012,1
202003070013,7
202003070014,2
202003070017,3
202003070018,3
202003070023,1
202003070030,6
202003070034,6
202003070034,2
202003070034,7
202003080002,3
202003080003,1
202003080005,1
202003080006,3
202003080007,2
202003080010,3
202003080011,3
202003080015,1
202003080016,2
202003080016,7
202003080017,2
202003080017,7
202003080020,2
202003080021,2
202003080024,3
202003080025,1
202003090001,3
202003090002,3
202003090003,2
202003090004,1
202003090005,3
202003090008,1
202003090009,3
202003090010,7
202003090011,2
202003090019,2
202003090020,3
202003090024,7
202003090025,3
202003100002,3
202003100005,3
202003100006,1
202003100007,3
202003100008,2
202003100009,3
202003100010,2
202003100013,3
202003100014,3
202003100015,2
202003100016,7
202003100017,3
202003100018,7
202003100021,2
202003100022,2
202003110002,2
202003110003,3
202003110007,3
202003110008,6
202003110009,2
202003110010,6
202003110010,7
202003110011,2
202003110012,2
202003110013,1
202003110015,6
202003110016,3
202003110017,6
202003110019,1
202003110023,3
202003110027,3
202003110028,3
202003110029,2
202003120004,3
202003120006,3
202003120007,3
202003120010,3
202003120011,3
202003120012,2
202003120014,3
202003120026,1
202003120028,1
202003120029,2
202003130001,6
202003130001,2
202003130005,3
202003130008,2
202003130009,7
202003130014,2
202003130021,3
202003130024,3
202003130026,2
202003130027,2
202003130028,2
202003130030,3
202003130031,2
202003130035,3
202003130036,2
202003130037,2
202003130038,2
202003130039,2
202003130040,2
202003140004,3
202003140007,2
202003140007,7
202003140008,6
202003140008,2
202003140009,2
202003140010,2
202003140011,1
202003140012,3
202003140015,3
202003140015,2
202003140016,3
202003140017,2
202003150004,2
202003150006,2
202003150007,2
202003150008,3
202003150008,2
202003150009,3
202003150011,6
202003150011,2
202003150012,2
202003150013,2
202003150014,1
202003150015,3
202003150015,2
202003150016,3
202003150018,2
202003150019,3
202003150022,3
202003150023,3
202003150027,2
202003150028,3
202003160001,3
202003160003,3
202003160006,2
202003160007,3
202003160010,2
202003160011,3
202003160013,2
202003160015,3
202003160015,2
202003160016,2
202003160016,7
202003160017,6
202003160017,2
202003160017,7
202003160018,2
202003160018,7
202003160019,2
202003160019,7
202003160031,3
202003160032,3
202003160034,7
202003160035,1
202003160037,2
202003160039,2
202003170001,3
202003170002,2
202003170003,2
202003170004,2
202003170006,3
202003170007,3
202003170010,3
202003170013,3
202003170014,3
202003170017,2
202003170017,7
202003170018,2
202003170018,7
202003180001,2
202003180002,3
202003180003,3
202003180004,2
202003180005,3
202003180007,3
202003180008,2
202003180008,7
202003180009,2
202003180010,2
202003180028,2
202003180028,7
202003180029,2
202003180029,7
202003180030,6
202003180031,3
202003180033,3
202003180034,6
202003190001,1
202003190002,3
202003190006,2
202003190007,2
202003190009,3
202003190010,2
202003190012,3
202003190013,3
202003190018,2
202003190021,3
202003190023,1
202003190024,6
202003190025,2
202003190026,3
202003190030,3
202003190031,3
202003190033,7
202003190034,7
202003200001,2
202003200002,2
202003200004,2
202003200004,7
202003200010,3
202003200011,3
202003200012,6
202003200013,3
202003210001,2
202003210002,2
202003210004,3
202003210005,2
202003210006,2
202003210008,1
202003210009,3
202003210010,7
202003210011,2
202003210013,2
202003210015,3
202003210015,2
202003220001,3
202003220002,2
202003220003,2
202003220011,3
202003220012,3
202003220013,2
202003220015,3
202003220016,3
202003220017,1
202003220018,1
202003220019,1
202003220020,7
202003220021,3
202003220025,2
202003220026,2
202003220027,3
202003220030,2
202003220031,6
202003220031,2
202003220032,2
202003230001,3
202003230004,3
202003230006,3
202003230011,6
202003230011,2
202003230012,3
202003230013,3
202003230019,6
202003230019,7
202003230020,7
202003230021,3
202003230026,2
202003230027,2
202003240003,2
202003240007,3
202003240008,2
202003240009,3
202003240013,2
202003240016,1
202003240020,2
202003240021,2
202003240023,7
202003250001,5
202003250001,3
202003250001,2
202003250002,3
202003250003,3
202003250006,1
202003250007,3
202003250008,2
202003250009,3
202003250010,3
202003250011,2
202003250011,7
202003250013,1
202003250015,3
202003250016,2
202003250020,3
202003250022,3
202003250025,5
202003250025,7
202003260002,3
202003260003,3
202003260004,3
202003260005,6
202003260006,3
202003260007,2
202003260008,3
202003260009,2
202003260011,2
202003260014,3
202003260019,2
202003260020,2
202003260021,2
202003260022,2
202003260023,2
202003260024,3
202003260025,3
202003260026,3
202003260027,3
202003260028,3
202003270005,2
202003270007,2
202003270017,7
202003270018,7
202003270019,2
202003280002,3
202003280003,3
202003280004,2
202003280005,6
202003280005,2
202003280006,2
202003280008,6
202003280008,2
202003280009,3
202003280011,3
202003280014,3
202003280015,2
202003280016,3
202003280019,2
202003280021,3
202003280021,7
202003290001,1
202003290002,3
202003290009,2
202003290014,3
202003290021,2
202003290021,7
202003290022,7
202003300001,1
202003300004,3
202003300005,3
202003300011,2
202003300014,2
202003300018,1
202003300019,3
202003300020,3
202003300020,2
202003300024,2
202003310001,6
202003310002,2
202003310006,1
202003310007,3
202003310008,2
202003310009,3
202003310010,3
202003310011,3
202003310012,3
202003310013,2
202003310013,7
202003310017,7
202003310019,6
202004010001,3
202004010004,2
202004010005,2
202004010006,2
202004010007,3
202004010008,3
202004010013,3
202004010013,2
202004010015,6
202004010018,2
202004010019,1
202004020005,2
202004020006,2
202004020008,2
202004020011,2
202004020025,7
202004020026,7
202004020027,7
202004020028,4
202004020029,3
202004020030,2
202004020031,7
202004020032,2
202004020033,2
202004030002,2
202004030005,3
202004030006,3
202004030007,2
202004030009,3
202004030014,2
202004030015,2
202004030016,2
202004030024,2
202004030024,7
202004030026,7
202004030027,7
202004030028,3
202004030031,3
202004030033,6
202004030033,7
202004040002,1
202004040007,2
202004040008,3
202004040010,2
202004040011,3
202004040013,1
202004040014,7
202004040015,3
202004040015,2
202004040016,3
202004050001,3
202004050002,3
202004050003,2
202004050004,2
202004050005,3
202004050007,3
202004050016,2
202004050019,3
202004050020,3
202004050021,2
202004050022,7
202004050023,7
202004050024,1
202004050025,7
202004050029,7
202004050032,2
202004050034,1
202004050035,2
202004050037,1
202004060003,2
202004060004,2
202004060005,2
202004060007,2
202004060008,7
202004060009,6
202004060009,7
202004060011,2
202004060016,2
202004060016,7
202004060017,3
202004060018,3
202004060019,3
202004060020,3
202004060021,7
202004060022,3
202004060023,7
202004060025,2
202004060026,3
202004060027,7
202004060030,2
202004070002,6
202004070004,3
202004070005,2
202004070005,7
202004070006,2
202004070006,7
202004070008,2
202004070009,2
202004070010,2
202004070011,2
202004070012,1
202004070017,6
202004070018,2
202004070022,2
202004070023,2
202004070023,7
202004070024,7
202004070025,2
202004070025,7
202004070026,3
202004070027,2
202004070027,7
202004070030,2
202004070031,3
202004070034,2
202004070034,7
202004080001,2
202004080003,1
202004080004,3
202004080007,2
202004080009,7
202004080011,6
202004080012,3
202004080013,3
202004080016,1
202004080017,2
202004080018,2
202004080018,7
202004080020,7
202004080022,7
202004080023,2
202004090001,6
202004090002,3
202004090003,2
202004090004,2
202004090005,2
202004090006,3
202004090009,3
202004090011,3
202004090012,2
202004090013,2
202004090014,7
202004090015,1
202004090016,2
202004090017,2
202004090019,2
202004090019,7
202004090020,2
202004090021,3
202004090022,3
202004090023,2
202004100001,3
202004100007,2
202004100008,7
202004100009,7
202004100010,3
202004100011,7
202004100012,7
202004100013,2
202004100014,2
202004100015,2
202004100016,2
202004100017,2
202004110002,2
202004110003,2
202004110005,6
202004110005,2
202004110005,7
202004110006,3
202004110012,3
202004110016,7
202004110017,7
202004110018,7
202004110019,7
202004110020,7
202004110021,7
202004110023,7
202004110024,2
202004110024,7
202004110027,3
202004110028,3
202004110031,3
202004110033,2
202004120001,2
202004120002,2
202004120004,3
202004120005,6
202004120005,2
202004120007,3
202004120011,2
202004120012,3
202004120013,3
202004120016,7
202004120017,7
202004120018,6
202004120018,2
202004120018,7
202004120019,6
202004120019,2
202004120019,7
202004120020,2
202004120030,2
202004120031,3
202004120032,8
202004130001,1
202004130002,2
202004130002,7
202004130003,2
202004130006,2
202004130007,3
202004130012,6
202004130013,7
202004130014,2
202004130016,7
202004130017,7
202004130018,7
202004130019,7
202004130020,7
202004130021,7
202004130022,2
202004130024,2
202004130025,3
202004130032,6
202004130032,2
202004130032,7
202004130033,2
202004140001,3
202004140002,3
202004140003,1
202004140004,1
202004140005,2
202004140006,7
202004140008,3
202004140010,7
202004140011,7
202004140012,7
202004140013,7
202004140015,2
202004140015,7
202004140016,7
202004150002,2
202004150003,8
202004150003,7
202004150004,7
202004150005,1
202004150006,3
202004150012,2
202004150015,7
202004150016,7
202004150027,3
202004150028,2
202004150031,2
202004160001,2
202004160003,3
202004160004,3
202004160005,2
202004160006,2
202004160009,2
202004160015,1
202004160018,7
202004160019,7
202004160020,2
202004160021,7
202004160022,2
202004160024,2
202004160025,3
202004160026,3
202004160029,7
202004160032,6
202004170001,1
202004170002,2
202004170003,3
202004170004,2
202004170005,2
202004170009,3
202004170021,3
202004170022,2
202004170026,2
202004170027,3
202004170029,1
202004180006,2
202004180007,1
202004180011,2
202004180012,3
202004180013,3
202004180014,3
202004180015,2
202004180017,1
202004180022,3
202004180023,3
202004180024,6
202004180025,2
202004180026,7
202004180027,7
202004180028,7
202004180030,6
202004180030,2
202004180032,6
202004180033,3
202004180038,3
202004190006,2
202004190007,3
202004190009,3
202004190011,6
202004190016,3
202004190016,2
202004190017,3
202004190018,6
202004190018,7
202004190021,7
202004190022,2
202004190022,7
202004190023,6
202004190025,3
202004190026,2
202004190026,7
202004190039,1
202004200007,2
202004200008,3
202004200013,3
202004200015,2
202004200017,6
202004200018,2
202004200020,6
202004200021,3
202004200022,6
202004200022,2
202004200022,7
202004200023,5
202004200023,2
202004200024,6
202004200024,2
202004200025,2
202004200026,3
202004200027,3
202004200028,1
202004200029,3
202004200030,2
202004200033,7
202004200034,2
202004200035,7
202004200037,2
202004200042,7
202004210001,2
202004210001,7
202004210003,1
202004210004,3
202004210004,7
202004210006,1
202004210008,3
202004210009,3
202004210010,3
202004210011,3
202004210012,2
202004210013,2
202004210015,3
202004210015,2
202004210017,3
202004210018,2
202004210019,2
202004210020,2
202004210021,3
202004210022,2
202004210023,6
202004210023,7
202004210024,5
202004210024,2
202004210024,7
202004210025,1
202004220004,2
202004220007,1
202004220007,6
202004220007,7
202004220013,3
202004220014,3
202004220017,3
202004220017,2
202004220019,3
202004220019,2
202004220021,6
202004220021,2
202004220022,7
202004220023,7
202004220024,2
202004220030,7
202004220032,1
202004230003,2
202004230005,3
202004230007,3
202004230009,1
202004230011,3
202004230018,1
202004230021,3
202004230022,7
202004240002,6
202004240002,2
202004240003,6
202004240004,2
202004240005,3
202004240007,6
202004240008,2
202004240009,2
202004240009,7
202004240010,2
202004240011,2
202004240012,3
202004240012,2
202004240013,7
202004240014,7
202004240015,7
202004240016,2
202004240017,2
202004240018,1
202004240023,3
202004240024,1
202004240026,2
202004240026,7
202004240027,1
202004250002,3
202004250004,3
202004250005,2
202004250009,3
202004250010,3
202004250011,3
202004250012,2
202004250013,3
202004250014,3
202004250015,7
202004250016,6
202004250020,7
202004250021,2
202004250022,3
202004260001,2
202004260001,7
202004260002,6
202004260002,2
202004260006,3
202004260007,3
202004260010,2
202004260011,7
202004260014,2
202004260015,2
202004260016,1
202004260016,6
202004260017,1
202004260017,6
202004260018,3
202004260019,1
202004260020,2
202004260023,6
202004270002,3
202004270004,2
202004270005,2
202004270008,2
202004270011,2
202004270013,2
202004270014,2
202004270018,7
202004270020,7
202004270021,3
202004270023,3
202004270025,7
202004280002,3
202004280003,3
202004280004,2
202004280007,3
202004280008,3
202004280009,3
202004280010,3
202004280011,3
202004280012,2
202004280013,2
202004280015,7
202004280016,7
202004280020,1
202004290004,3
202004290006,2
202004290013,2
202004290014,2
202004290015,3
202004290023,3
202004290024,3
202004290025,3
202004290025,2
202004290026,3
202004290027,2
202004290028,7
202004290030,3
202004290031,1
202004290032,7
202004290040,2
202004290041,2
202004290041,7
202004290042,7
202004300001,1
202004300006,1
202004300007,3
202004300010,3
202004300013,3
202004300014,3
202004300015,2
202004300016,2
202004300016,7
202004300017,2
202004300018,2
202004300019,2
202004300020,2
202004300021,3
202004300022,2
202004300024,3
202005010006,7
202005010007,7
202005010008,2
202005010009,3
202005010010,7
202005010018,2
202005010018,7
202005010022,1
202005010023,3
202005010024,2
202005020001,2
202005020002,3
202005020004,1
202005020005,7
202005020006,3
202005020007,3
202005020008,2
202005020011,2
202005020013,2
202005020014,1
202005020017,2
202005020019,1
202005020020,2
202005020021,2
202005020022,3
202005020027,1
202005020030,3
202005020042,7
202005030001,2
202005030003,3
202005030005,2
202005030006,3
202005030009,2
202005030010,3
202005030013,2
202005030023,2
202005030023,7
202005030025,3
202005030026,3
202005030030,3
202005030031,7
202005030032,2
202005030036,3
202005030037,6
202005030038,2
202005040001,3
202005040002,7
202005040003,7
202005040004,7
202005040005,7
202005040007,3
202005040008,2
202005040011,3
202005040012,3
202005040013,3
202005040014,2
202005040017,3
202005040019,2
202005040020,3
202005040021,2
202005040022,2
202005040023,3
202005040024,7
202005040027,7
202005040029,7
202005040030,6
202005040032,8
202005040033,3
202005040035,3
202005040035,7
202005040036,3
202005040036,7
202005040037,3
202005040037,7
202005040041,3
202005040042,3
202005040043,3
202005040044,3
202005050001,3
202005050001,2
202005050002,7
202005050003,3
202005050007,3
202005050010,3
202005050010,2
202005050011,3
202005050013,3
202005050014,3
202005050016,2
202005050017,1
202005050022,3
202005050024,2
202005050024,7
202005050025,2
202005050028,3
202005050029,3
202005050030,3
202005050032,2
202005060001,2
202005060002,3
202005060003,3
202005060011,2
202005060013,2
202005060015,1
202005070001,1
202005070002,7
202005070003,7
202005070005,3
202005070006,3
202005070008,3
202005070009,3
202005070011,2
202005070013,1
202005070014,2
202005070016,3
202005070017,2
202005070018,3
202005070020,3
202005070024,3
202005070026,3
202005070027,6
202005080001,3
202005080003,3
202005080007,3
202005080007,8
202005080007,7
202005080008,3
202005080009,2
202005080010,7
202005080011,6
202005080013,2
202005080014,3
202005080015,2
202005080016,2
202005080018,3
202005080019,3
202005080020,6
202005090003,3
202005090004,7
202005090006,7
202005090008,2
202005090009,2
202005090011,2
202005090012,2
202005090012,7
202005090013,2
202005090013,7
202005090014,2
202005090014,7
202005090015,3
202005090017,2
202005100001,6
202005100001,2
202005100004,2
202005100008,3
202005100012,3
202005100013,3
202005100014,3
202005100015,3
202005100016,3
202005100017,2
202005100020,2
202005100021,2
202005100022,3
202005100027,3
202005100028,1
202005100029,7
202005100031,2
202005100032,1
202005100033,3
202005100034,7
202005100035,2
202005100035,7
202005100036,3
202005110001,2
202005110002,2
202005110003,6
202005110003,2
202005110003,7
202005110004,3
202005110005,3
202005110008,7
202005110009,3
202005110010,3
202005110011,3
202005110012,3
202005110013,3
202005110014,2
202005110016,6
202005110016,7
202005110018,7
202005110021,2
202005110022,7
202005110023,7
202005110028,3
202005110029,2
202005110029,7
202005110030,2
202005110031,2
202005110032,2
202005110034,2
202005110034,7
202005110035,3
202005110036,2
202005120001,2
202005120002,3
202005120003,2
202005120004,3
202005120005,3
202005120008,7
202005120009,2
202005120010,3
202005120011,7
202005120012,2
202005120013,3
202005120014,2
202005120015,2
202005120017,2
202005120018,3
202005120018,2
202005120020,6
202005120022,2
202005120023,2
202005120024,2
202005120027,2
202005120032,2
202005120032,7
202005120034,3
202005120034,2
202005120037,2
202005120037,7
202005120038,2
202005120038,7
202005130003,2
202005130004,2
202005130005,2
202005130006,2
202005130007,1
202005130008,3
202005130009,3
202005130011,1
202005130012,3
202005130013,2
202005130018,4
202005130018,7
202005130019,4
202005130019,7
202005130020,3
202005130021,1
202005130022,1
202005130024,2
202005130024,7
202005140001,3
202005140003,2
202005140004,2
202005140005,3
202005140006,3
202005140010,3
202005140011,2
202005140013,2
202005140018,1
202005140019,3
202005140020,2
202005140021,1
202005140022,1
202005140025,3
202005150003,6
202005150003,2
202005150005,7
202005150006,7
202005150012,3
202005150014,7
202005150015,1
202005150015,6
202005150016,3
202005150017,3
202005150018,2
202005150020,3
202005150021,7
202005150022,3
202005150023,2
202005150024,3
202005150026,3
202005150027,2
202005150028,7
202005150032,5
202005150033,6
202005160003,3
202005160004,2
202005160005,3
202005160007,7
202005160008,7
202005160009,7
202005160010,7
202005160011,2
202005160012,2
202005160016,7
202005160019,2
202005160020,2
202005160021,2
202005160022,2
202005160024,1
202005160026,2
202005160027,2
202005160028,2
202005160028,7
202005160029,6
202005160032,2
202005160033,2
202005170004,2
202005170005,2
202005170006,2
202005170008,1
202005170009,2
202005170010,7
202005170011,1
202005170016,2
202005170023,3
202005170024,2
202005170025,2
202005170026,2
202005170027,3
202005170028,7
202005170032,1
202005170040,2
202005170041,4
202005170042,7
202005180001,3
202005180001,2
202005180003,3
202005180008,3
202005180009,2
202005180010,3
202005180011,2
202005180011,7
202005180013,2
202005180018,7
202005180020,3
202005180021,7
202005180022,7
202005180023,7
202005180024,2
202005180025,7
202005180026,7
202005180027,7
202005180028,7
202005180029,7
202005180030,7
202005180031,7
202005180032,7
202005180036,3
202005180037,6
202005180037,7
202005180038,2
202005180039,2
202005180040,3
202005180040,2
202005180042,3
202005180043,7
202005190002,2
202005190003,3
202005190004,2
202005190005,3
202005190006,2
202005190007,2
202005190008,3
202005190009,3
202005190011,2
202005190012,2
202005190013,2
202005190014,2
202005190015,2
202005190016,2
202005190017,2
202005190017,7
202005190023,2
202005190024,3
202005190026,3
202005190027,3
202005190028,3
202005190030,3
202005190031,2
202005190032,2
202005200001,3
202005200005,3
202005200006,2
202005200006,7
202005200008,1
202005200009,2
202005200011,2
202005200013,2
202005200016,8
202005200016,7
202005200017,6
202005200018,7
202005200020,3
202005200021,2
202005200024,2
202005200027,2
202005200028,2
202005200029,2
202005200030,2
202005200031,2
202005200032,2
202005200033,2
202005200034,2
202005200035,2
202005200036,2
202005200037,2
202005200038,2
202005200039,2
202005200040,2
202005200041,2
202005200042,2
202005200043,7
202005200044,2
202005210001,3
202005210003,1
202005210005,2
202005210007,3
202005210008,2
202005210009,1
202005210011,2
202005210012,3
202005210012,2
202005210017,2
202005220002,1
202005220003,7
202005220004,2
202005220008,2
202005220009,3
202005220010,2
202005220011,2
202005220014,2
202005220015,7
202005220017,3
202005220022,2
202005230001,3
202005230003,7
202005230004,3
202005230005,2
202005230008,7
202005230009,3
202005230011,2
202005230015,2
202005230017,2
202005230018,2
202005230019,2
202005230020,3
202005230020,7
202005230030,3
202005240001,7
202005240002,7
202005240005,2
202005240005,7
202005240007,3
202005240008,1
202005240009,2
202005240010,2
202005240011,1
202005240012,2
202005240012,7
202005240013,7
202005240014,7
202005240015,3
202005240016,3
202005240017,2
202005250001,3
202005250004,7
202005250005,7
202005250006,7
202005250007,7
202005250008,3
202005250009,2
202005250013,3
202005250014,2
202005250014,7
202005250019,2
202005250020,2
202005250023,3
202005250024,2
202005250025,1
202005250026,1
202005260001,3
202005260002,7
202005260004,2
202005260004,7
202005260005,2
202005260005,7
202005260006,3
202005260010,2
202005260014,1
202005260015,1
202005260018,7
202005260019,3
202005260020,1
202005260021,2
202005260021,7
202005270001,1
202005270004,6
202005270005,3
202005270009,2
202005270012,3
202005270013,2
202005270013,7
202005270015,2
202005270019,6
202005270020,2
202005270021,3
202005270025,3
202005270026,1
202005280001,1
202005280004,3
202005280006,3
202005280008,6
202005280008,2
202005280008,7
202005280009,2
202005280010,2
202005280011,2
202005280012,2
202005280012,7
202005280013,1
202005280015,1
202005280016,7
202005280017,1
202005280018,1
202005280023,2
202005290004,3
202005290005,2
202005290006,3
202005290013,7
202005290014,2
202005290016,2
202005290017,1
202005290019,6
202005290020,2
202005290021,6
202005290021,2
202005290022,3
202005290023,3
202005290024,2
202005290024,7
202005290029,7
202005300001,3
202005300002,3
202005300003,3
202005300004,3
202005300005,2
202005300006,2
202005300007,2
202005300009,7
202005300010,2
202005300011,2
202005300012,3
202005300015,6
202005300017,7
202005300018,2
202005300021,3
202005310001,2
202005310002,2
202005310003,3
202005310004,3
202005310007,2
202005310008,2
202005310010,1
202005310011,3
202005310012,2
202005310012,7
202005310013,7
202005310014,6
202005310015,3
202005310016,2
202005310017,6
202005310017,2
202005310017,7
202005310022,7
202005310023,2
202005310023,7
202005310024,2
202005310024,7
202005310025,2
202005310025,7
202005310027,3
202005310029,7
202005310030,7
202005310031,7
202005310032,2
202005310034,2
202005310034,7
202005310035,3
202005310036,7
202005310038,2
202006010001,3
202006010003,2
202006010004,7
202006010005,3
202006010006,1
202006010007,7
202006010010,2
202006010011,2
202006010012,2
202006010013,2
202006010014,2
202006010015,7
202006010018,3
202006010019,7
202006010023,2
202006010024,2
202006010037,2
202006010038,7
202006010039,7
202006010040,7
202006010043,7
202006020001,2
202006020002,1
202006020003,3
202006020005,3
202006020006,1
202006020010,3
202006020011,7
202006020012,7
202006020013,7
202006020014,7
202006020016,7
202006020018,7
202006020019,7
202006020020,7
202006020021,2
202006020022,6
202006020025,7
202006020028,1
202006030001,3
202006030003,1
202006030004,2
202006030005,1
202006030006,3
202006030007,2
202006030010,6
202006030010,7
202006030012,2
202006030013,2
202006030015,2
202006030015,7
202006030023,3
202006030026,2
202006040001,3
202006040002,3
202006040003,3
202006040005,1
202006040006,2
202006040012,3
202006040026,7
202006040027,8
202006040028,2
202006050001,3
202006050001,2
202006050003,3
202006050005,2
202006050006,3
202006050007,3
202006050008,2
202006050011,1
202006050012,6
202006050012,2
202006050018,2
202006050019,3
202006050023,3
202006050024,1
202006050027,2
202006050027,7
202006050028,1
202006050029,7
202006050030,3
202006050031,3
202006060001,1
202006060005,2
202006060006,2
202006060007,2
202006060008,1
202006060009,2
202006060010,2
202006060010,7
202006060011,2
202006060012,3
202006060014,2
202006060015,2
202006060016,2
202006060017,2
202006060019,3
202006060020,2
202006060021,2
202006060023,7
202006060025,2
202006070007,2
202006070007,7
202006070008,3
202006070009,3
202006070010,3
202006070012,7
202006070013,2
202006080001,7
202006080002,7
202006080003,1
202006080004,3
202006080005,3
202006080006,6
202006080009,3
202006080010,3
202006080011,3
202006080011,2
202006080012,7
202006080013,1
202006080014,3
202006080015,7
202006080016,2
202006080017,1
202006080019,3
202006080020,3
202006080022,1
202006080023,2
202006080025,1
202006090001,7
202006090002,1
202006090004,3
202006090005,1
202006090006,6
202006090006,2
202006090007,8
202006090008,6
202006090008,2
202006090008,7
202006090009,6
202006090012,3
202006090013,3
202006090014,3
202006090015,3
202006090016,3
202006090019,2
202006090021,2
202006090025,2
202006090025,7
202006100001,3
202006100002,3
202006100003,3
202006100005,3
202006100006,3
202006100007,3
202006100009,8
202006100011,2
202006100012,3
202006100013,1
202006100014,2
202006100015,7
202006100016,8
202006100016,7
202006100017,3
202006100019,3
202006100021,3
202006100022,1
202006100023,3
202006100024,7
202006100028,5
202006110002,3
202006110003,3
202006110006,2
202006110007,2
202006110008,6
202006110010,7
202006110011,7
202006110015,7
202006110021,1
202006110028,1
202006110030,1
202006120001,3
202006120003,1
202006120006,3
202006120007,1
202006120008,3
202006120009,1
202006120010,2
202006120012,3
202006120012,2
202006120013,3
202006120013,2
202006120014,2
202006120015,3
202006120017,3
202006120023,2
202006120027,2
202006130001,2
202006130002,1
202006130004,3
202006130005,2
202006130006,2
202006130006,7
202006130007,2
202006130007,7
202006130008,2
202006130008,7
202006130009,2
202006130009,7
202006130010,2
202006130010,7
202006130011,3
202006130012,2
202006130014,1
202006130022,2
202006130023,7
202006130024,7
202006130025,3
202006130029,2
202006130046,7
202006140001,3
202006140002,6
202006140006,3
202006140009,2
202006140011,2
202006140012,3
202006140013,3
202006140017,7
202006140020,6
202006140020,2
202006140021,7
202006140026,2
202006140026,7
202006150001,2
202006150002,3
202006150008,3
202006150010,3
202006150011,3
202006150012,3
202006150013,3
202006150014,2
202006150017,3
202006150018,1
202006150019,3
202006150021,2
202006150024,7
202006150031,7
202006150033,3
202006150034,7
202006150035,7
202006150036,7
202006150037,7
202006150038,7
202006150039,7
202006150041,3
202006150043,7
202006150044,7
202006150045,7
202006150046,3
202006150048,2
202006150049,2
202006150050,6
202006160002,6
202006160007,3
202006160009,1
202006160016,2
202006160018,3
202006160019,3
202006160020,2
202006160022,2
202006170001,3
202006170002,2
202006170002,7
202006170005,2
202006170008,3
202006170009,3
202006170013,6
202006170013,7
202006170015,6
202006170015,2
202006170019,3
202006170027,2
202006170028,3
202006170029,3
202006180001,3
202006180003,3
202006180008,3
202006180009,6
202006180010,3
202006180011,1
202006180012,1
202006180013,2
202006180013,7
202006180014,6
202006180014,7
202006180018,2
202006180020,7
202006180021,7
202006180025,2
202006180026,1
202006180029,6
202006180029,2
202006180030,7
202006190001,2
202006190002,3
202006190005,3
202006190006,3
202006190013,3
202006190014,3
202006190017,2
202006190018,4
202006190018,7
202006190019,7
202006190020,7
202006200001,3
202006200003,3
202006200003,2
202006200005,6
202006200005,2
202006200005,7
202006200006,6
202006200006,2
202006200006,7
202006200007,6
202006200007,2
202006200007,7
202006200008,2
202006200009,3
202006200010,3
202006200014,2
202006200015,2
202006200016,1
202006200017,3
202006200018,1
202006200019,7
202006200021,6
202006200021,2
202006200021,7
202006200022,6
202006200023,2
202006200024,3
202006200025,3
202006200027,2
202006200028,2
202006200029,3
202006200030,7
202006200031,1
202006200036,3
202006200039,2
202006200042,3
202006210001,7
202006210004,1
202006210006,7
202006210008,2
202006210009,2
202006210010,1
202006210014,3
202006210015,1
202006210017,2
202006210018,3
202006210019,3
202006210026,2
202006210027,3
202006210029,2
202006210032,1
202006220003,2
202006220005,2
202006220006,3
202006220009,1
202006220010,3
202006220011,2
202006220012,7
202006220013,3
202006220015,2
202006220016,2
202006220017,3
202006220017,2
202006220022,6
202006230001,6
202006230001,3
202006230003,1
202006230005,3
202006230009,3
202006230011,6
202006230013,3
202006230014,2
202006230015,2
202006230023,2
202006230024,2
202006230027,3
202006230028,3
202006230028,2
202006230029,6
202006230031,3
202006240001,1
202006240002,3
202006240011,4
202006240015,2
202006240016,3
202006240017,2
202006240018,1
202006240021,2
202006240022,7
202006240024,7
202006240025,7
202006240030,2
202006240032,3
202006240033,4
202006240034,6
202006250003,2
202006250006,7
202006250007,2
202006250008,1
202006250009,2
202006250010,8
202006250011,3
202006250012,3
202006250013,3
202006250014,3
202006250018,2
202006250021,3
202006250022,3
202006260001,3
202006260002,2
202006260004,2
202006260007,2
202006260008,3
202006260011,2
202006260012,2
202006260013,2
202006260013,7
202006260014,7
202006260015,7
202006260018,3
202006260019,2
202006260022,2
202006260025,2
202006260025,7
202006270001,3
202006270002,3
202006270005,2
202006270006,2
202006270007,3
202006270010,2
202006270012,2
202006270012,7
202006270013,2
202006270019,3
202006270020,2
202006270021,2
202006270022,2
202006270023,1
202006280002,3
202006280005,3
202006280006,3
202006280008,2
202006280009,2
202006280010,2
202006280012,7
202006280013,2
202006280014,6
202006280014,2
202006280015,7
202006280016,2
202006280017,7
202006280018,2
202006280018,7
202006280019,2
202006280019,7
202006280020,2
202006280020,7
202006280021,2
202006280021,7
202006280022,2
202006280022,7
202006280023,2
202006280023,7
202006280024,6
202006290002,1
202006290003,3
202006290005,2
202006290008,1
202006290009,2
202006290010,3
202006290012,3
202006290013,1
202006290014,1
202006290018,3
202006290021,3
202006290023,1
202006290024,2
202006300001,2
202006300002,3
202006300009,2
202006300012,3
202006300013,3
202006300015,3
202006300021,3
202006300023,2
202006300023,7
202006300025,2
202006300025,7
202007010002,3
202007010003,3
202007010004,2
202007010005,3
202007010007,2
202007010015,3
202007010023,2
202007010024,2
202007010025,2
202007010026,2
202007010033,2
202007010035,2
202007010040,2
202007010041,1
202007010049,3
202007020002,1
202007020006,2
202007020010,3
202007020011,2
202007020011,7
202007020012,3
202007020013,3
202007020014,6
202007020016,3
202007020017,3
202007020019,3
202007030002,3
202007030003,3
202007030007,3
202007030008,3
202007030012,2
202007030013,1
202007030017,2
202007030017,7
202007030018,3
202007030018,2
202007030028,3
202007030029,7
202007030032,5
202007030032,2
202007030032,7
202007040001,3
202007040002,2
202007040003,2
202007040004,2
202007040005,3
202007040006,3
202007040007,2
202007040012,2
202007040013,3
202007040017,3
202007040018,6
202007040018,2
202007040021,3
202007040022,2
202007040024,3
202007040027,5
202007050001,3
202007050001,2
202007050003,2
202007050005,6
202007050005,2
202007050006,1
202007050007,3
202007050010,1
202007050013,3
202007050014,3
202007050015,3
202007050016,3
202007050017,3
202007050019,7
202007050022,1
202007050023,7
202007050024,2
202007050026,7
202007060003,2
202007060004,1
202007060006,3
202007060008,1
202007060009,2
202007060010,3
202007060012,1
202007060014,2
202007060015,3
202007060016,3
202007060017,2
202007060018,6
202007060019,6
202007060022,3
202007060026,6
202007060031,2
202007070001,1
202007070002,3
202007070003,2
202007070004,2
202007070012,3
202007070013,3
202007070017,3
202007070018,2
202007070019,2
202007070019,7
202007070020,7
202007070022,3
202007070023,3
202007080001,2
202007080002,2
202007080003,2
202007080004,3
202007080005,3
202007080006,3
202007080008,1
202007080013,3
202007080014,1
202007080015,3
202007080016,1
202007080017,3
202007080018,2
202007080019,3
202007080021,2
202007080022,1
202007080024,7
202007080027,7
202007080029,3
202007080030,1
202007090002,3
202007090005,3
202007090006,2
202007090008,3
202007090010,2
202007090011,3
202007090012,3
202007090013,2
202007090017,2
202007090018,7
202007090022,6
202007090024,2
202007090025,1
202007090026,3
202007090027,1
202007090028,1
202007090029,2
202007090032,2
202007090033,3
202007100001,2
202007100002,2
202007100006,2
202007100007,7
202007100009,1
202007100011,2
202007100011,7
202007100012,3
202007100013,3
202007100014,3
202007100015,2
202007100019,6
202007100020,2
202007100021,7
202007100023,1
202007110002,2
202007110003,2
202007110005,3
202007110008,7
202007110013,3
202007110014,3
202007110016,2
202007110016,7
202007110017,2
202007110018,3
202007110022,2
202007110025,7
202007110027,2
202007110029,3
202007110031,1
202007110032,2
202007120002,3
202007120003,3
202007120004,3
202007120005,1
202007120006,2
202007120008,7
202007120009,2
202007120010,2
202007120011,6
202007120012,2
202007120012,7
202007120015,2
202007120016,2
202007120017,5
202007120017,3
202007120019,3
202007120020,2
202007120021,2
202007120023,2
202007130001,2
202007130002,2
202007130004,3
202007130004,2
202007130008,2
202007130010,1
202007130014,2
202007130015,2
202007130017,2
202007130018,3
202007130019,2
202007130020,1
202007130021,6
202007130022,2
202007130022,7
202007130025,2
202007130026,2
202007130027,2
202007130028,2
202007130029,2
202007130030,6
202007130030,2
202007130030,7
202007130035,2
202007130036,3
202007130037,3
202007130038,1
202007130040,2
202007130041,2
202007130042,2
202007140003,2
202007140005,3
202007140006,3
202007140007,3
202007140014,6
202007140015,3
202007140016,7
202007140017,7
202007140018,3
202007140019,6
202007140019,2
202007140025,2
202007140027,7
202007140029,2
202007140030,2
202007150001,2
202007150003,3
202007150006,2
202007150007,3
202007150011,3
202007150019,3
202007160002,2
202007160007,3
202007160009,6
202007160009,2
202007160009,7
202007160013,2
202007160022,1
202007160023,2
202007160024,2
202007160025,2
202007160027,2
202007160028,2
202007160030,2
202007170001,1
202007170001,2
202007170016,7
202007170018,3
202007170019,2
202007170020,3
202007170021,3
202007170022,3
202007170023,1
202007170031,7
202007170034,2
202007170035,3
202007180001,3
202007180002,1
202007180003,3
202007180007,2
202007180008,2
202007180010,3
202007180012,1
202007180013,2
202007180018,3
202007180022,2
202007180023,1
202007180026,7
202007180028,3
202007180028,2
202007180029,2
202007180030,2
202007180030,7
202007180031,2
202007180032,6
202007180033,2
202007180034,3
202007180035,2
202007180036,1
202007190004,1
202007190005,3
202007190006,3
202007190007,2
202007190009,2
202007190013,2
202007190014,3
202007190015,3
202007190016,7
202007190017,1
202007190020,6
202007190021,7
202007190026,3
202007200001,3
202007200002,2
202007200008,2
202007200010,6
202007200011,3
202007200012,2
202007200014,2
202007200015,2
202007200015,7
202007200016,2
202007200016,7
202007200017,3
202007200018,2
202007200019,3
202007200020,7
202007200021,7
202007200023,3
202007200027,2
202007210001,2
202007210002,3
202007210003,6
202007210003,7
202007210004,3
202007210005,3
202007210005,2
202007210007,3
202007210009,3
202007210009,2
202007210011,3
202007210014,4
202007210015,3
202007210016,6
202007210017,6
202007210017,7
202007210018,6
202007210019,2
202007210020,2
202007210021,1
202007210022,2
202007210023,7
202007210025,2
202007210025,7
202007210026,3
202007210027,3
202007210028,3
202007210029,3
202007210033,2
202007210034,3
202007210035,3
202007220001,3
202007220002,1
202007220003,3
202007220004,2
202007220005,3
202007220006,3
202007220016,2
202007220017,2
202007220018,3
202007220019,1
202007220020,2
202007220021,7
202007220022,3
202007220024,7
202007220026,7
202007220027,6
202007220027,7
202007220028,7
202007220029,3
202007220030,7
202007220032,2
202007230006,3
202007230011,3
202007230012,3
202007230013,3
202007230015,2
202007230016,3
202007230017,1
202007230019,2
202007230022,2
202007230024,8
202007230025,7
202007230027,2
202007230028,7
202007230033,3
202007230034,1
202007230035,3
202007240001,3
202007240002,3
202007240003,3
202007240004,2
202007240005,3
202007240006,3
202007240009,7
202007240010,2
202007240012,3
202007240013,3
202007240014,7
202007240015,2
202007240015,7
202007240016,2
202007240016,7
202007240017,2
202007240017,7
202007240018,6
202007240018,2
202007240019,3
202007240021,6
202007250002,2
202007250003,1
202007250007,2
202007250008,3
202007250010,2
202007250011,2
202007250012,1
202007250014,2
202007250014,7
202007250015,1
202007250016,3
202007250017,3
202007250018,2
202007250018,7
202007250019,3
202007250019,2
202007250020,3
202007250020,2
202007250021,3
202007250022,3
202007250023,1
202007250024,2
202007250030,2
202007260003,3
202007260004,3
202007260007,2
202007260009,3
202007260013,7
202007260014,3
202007260015,1
202007260016,3
202007260018,3
202007260020,2
202007270001,2
202007270002,2
202007270005,3
202007270009,3
202007270010,3
202007270011,3
202007270011,2
202007270012,3
202007270014,2
202007270015,7
202007270016,7
202007270020,2
202007270021,2
202007270022,6
202007270022,2
202007270022,7
202007270023,2
202007270030,3
202007270031,7
202007280001,3
202007280004,3
202007280005,2
202007280007,6
202007280007,7
202007280013,2
202007280014,3
202007280015,1
202007280016,2
202007280019,2
202007280020,2
202007280021,6
202007280021,7
202007280024,7
202007280025,3
202007280026,2
202007280028,6
202007290001,3
202007290002,3
202007290003,3
202007290006,3
202007290006,2
202007290007,2
202007290011,1
202007290013,3
202007290013,2
202007290015,3
202007290016,3
202007290017,6
202007290017,2
202007290017,7
202007290020,6
202007290021,1
202007290022,7
202007290023,7
202007300001,6
202007300001,2
202007300002,3
202007300003,2
202007300004,2
202007300005,2
202007300007,3
202007300008,3
202007300009,3
202007300010,3
202007300011,7
202007300012,1
202007300014,2
202007300015,3
202007300015,2
202007300017,2
202007300018,2
202007300019,3
202007310001,3
202007310002,3
202007310003,6
202007310005,6
202007310005,2
202007310005,7
202007310006,2
202007310007,2
202007310009,7
202007310013,3
202007310014,3
202007310015,2
202007310016,7
202008010001,3
202008010003,3
202008010004,2
202008010007,6
202008010007,2
202008010008,3
202008010012,7
202008010013,7
202008020001,3
202008020001,2
202008020002,6
202008020002,7
202008020003,1
202008020005,2
202008020007,3
202008020007,2
202008020010,3
202008020011,3
202008020012,3
202008020013,7
202008020015,6
202008020016,1
202008020019,2
202008020019,7
202008020020,2
202008020023,2
202008020024,2
202008030001,2
202008030002,3
202008030003,2
202008030004,3
202008030005,1
202008030006,3
202008030007,3
202008030008,7
202008030010,2
202008030011,6
202008030012,3
202008030013,3
202008030017,2
202008040001,3
202008040002,1
202008040004,2
202008040005,2
202008040009,3
202008040013,2
202008040014,3
202008040015,1
202008040017,2
202008040018,2
202008040019,6
202008040021,2
202008040022,2
202008040023,7
202008050001,2
202008050001,7
202008050002,2
202008050002,7
202008050003,3
202008050004,1
202008050005,2
202008050006,3
202008050007,3
202008050008,2
202008050009,2
202008050011,2
202008050011,7
202008050012,3
202008050014,7
202008060001,2
202008060002,3
202008060004,2
202008060004,7
202008060005,2
202008060005,7
202008060006,2
202008060006,7
202008060007,4
202008060007,7
202008060009,1
202008060010,2
202008060011,2
202008060012,1
202008060013,1
202008060016,5
202008060018,2
202008060019,2
202008060020,7
202008070001,3
202008070002,3
202008070003,6
202008070007,1
202008070008,2
202008070009,2
202008070014,7
202008070015,1
202008080001,3
202008080001,2
202008080002,3
202008080003,2
202008080005,2
202008080006,3
202008080007,2
202008080010,2
202008080011,2
202008080013,3
202008080014,3
202008080015,3
202008080017,3
202008080023,7
202008080024,7
202008090002,3
202008090004,3
202008090006,2
202008090007,2
202008090008,2
202008090009,7
202008090011,7
202008090012,3
202008090013,2
202008090014,2
202008090015,2
202008090016,2
202008090017,2
202008090031,1
202008090033,7
202008090035,3
202008090036,3
202008090041,2
202008100001,3
202008100004,2
202008100004,7
202008100005,3
202008100006,3
202008100007,3
202008100008,3
202008100009,3
202008100010,3
202008100013,2
202008100015,3
202008100017,1
202008100019,2
202008110002,2
202008110003,7
202008110004,3
202008110005,6
202008110006,2
202008110007,3
202008110008,3
202008110009,6
202008110019,1
202008110024,3
202008110025,3
202008110026,3
202008110027,3
202008110028,6
202008110031,2
202008110033,2
202008110033,7
202008110037,3
202008120001,1
202008120002,2
202008120006,2
202008120008,2
202008120008,7
202008120011,5
202008120011,2
202008120011,7
202008120021,2
202008120022,7
202008120023,3
202008120024,2
202008120025,2
202008120026,1
202008120027,3
202008120032,1
202008130001,2
202008130002,3
202008130005,7
202008130008,3
202008130010,3
202008130011,3
202008130012,3
202008130013,3
202008130014,3
202008130015,3
202008130016,3
202008130017,3
202008130019,2
202008130020,3
202008130021,3
202008130022,3
202008130023,3
202008130024,3
202008130025,3
202008130027,3
202008130028,3
202008130029,6
202008130029,7
202008130030,1
202008130030,6
202008130031,2
202008130032,3
202008130033,2
202008130036,3
202008130038,3
202008130039,3
202008130040,2
202008130041,2
202008130044,7
202008130046,7
202008140001,2
202008140008,3
202008140010,7
202008140011,2
202008140012,3
202008140013,1
202008140014,3
202008140015,3
202008140019,2
202008140020,3
202008140021,3
202008140022,7
202008140023,1
202008140024,3
202008140027,7
202008140028,3
202008140030,6
202008140031,7
202008140032,2
202008140033,3
202008150001,2
202008150003,2
202008150004,2
202008150005,6
202008150006,3
202008150010,3
202008150013,2
202008150014,6
202008150018,3
202008150019,2
202008150021,3
202008150022,3
202008150024,3
202008150026,7
202008150027,1
202008150028,2
202008150029,6
202008150029,3
202008160002,2
202008160004,2
202008160005,5
202008160005,3
202008160005,2
202008160006,7
202008160009,1
202008160010,3
202008160011,3
202008160011,2
202008160012,3
202008160013,7
202008160014,7
202008160015,7
202008160017,2
202008160017,7
202008160019,3
202008160024,2
202008160026,7
202008170001,3
202008170002,3
202008170004,3
202008170005,2
202008170006,2
202008170007,3
202008170007,2
202008170008,2
202008170009,2
202008170010,3
202008170011,2
202008170013,7
202008170014,7
202008170017,7
202008170018,1
202008170019,1
202008170022,2
202008170023,3
202008170027,1
202008170028,2
202008170031,2
202008170034,2
202008170036,2
202008170037,1
202008170038,7
202008180002,3
202008180003,3
202008180004,3
202008180005,3
202008180007,3
202008180010,3
202008180011,6
202008180011,2
202008180012,1
202008180013,3
202008180014,1
202008180016,3
202008180017,3
202008180018,3
202008180020,2
202008180021,2
202008180022,7
202008180023,3
202008180024,3
202008180025,3
202008180027,3
202008180030,2
202008180031,3
202008180034,2
202008180034,7
202008180035,6
202008180037,3
202008190001,3
202008190002,2
202008190003,3
202008190004,3
202008190005,3
202008190009,6
202008190014,6
202008190014,2
202008190014,7
202008190015,3
202008190015,2
202008190016,8
202008190017,1
202008190018,2
202008190019,6
202008190019,2
202008190020,2
202008190023,2
202008190027,2
202008200002,2
202008200003,3
202008200004,2
202008200005,3
202008200012,2
202008200013,3
202008200014,3
202008200015,2
202008200020,3
202008200021,3
202008200023,3
202008200024,3
202008200025,6
202008200025,2
202008200028,2
202008200029,2
202008210001,2
202008210002,3
202008210003,3
202008210004,2
202008210006,1
202008210008,3
202008210009,6
202008210009,7
202008210011,3
202008210019,3
202008210021,6
202008210022,6
202008210023,6
202008210024,3
202008210025,3
202008210026,3
202008210027,3
202008210028,3
202008210028,2
202008210030,3
202008210032,3
202008210033,3
202008210034,6
202008210036,3
202008210044,6
202008210045,3
202008210048,2
202008220001,3
202008220004,3
202008220005,3
202008220006,3
202008220007,3
202008220008,3
202008220010,3
202008220011,3
202008220012,2
202008220016,2
202008220018,2
202008220018,7
202008220019,3
202008220020,3
202008220022,8
202008220022,7
202008220026,7
202008220027,7
202008220028,1
202008220031,2
202008230004,3
202008230005,3
202008230009,3
202008230014,3
202008230015,2
202008230016,2
202008230018,4
202008230019,4
202008230020,1
202008230021,6
202008230021,2
202008230024,7
202008230025,1
202008240003,3
202008240004,2
202008240007,3
202008240008,2
202008240014,3
202008240015,3
202008240016,3
202008240023,6
202008240023,7
202008240024,4
202008240025,2
202008240026,2
202008240031,2
202008240032,2
202008240033,2
202008250001,2
202008250002,2
202008250003,3
202008250005,2
202008250006,3
202008250008,3
202008250010,3
202008250011,1
202008250017,3
202008250018,2
202008250019,2
202008250020,7
202008250021,7
202008250022,7
202008250025,3
202008250026,2
202008250027,3
202008250028,3
202008250029,7
202008260001,3
202008260004,3
202008260006,6
202008260006,7
202008260008,3
202008260009,3
202008260012,3
202008260016,3
202008260016,2
202008260018,2
202008260020,3
202008260035,3
202008270002,2
202008270004,2
202008270005,3
202008270006,2
202008270010,2
202008270011,3
202008270012,3
202008270013,3
202008270014,3
202008270015,7
202008270016,2
202008270017,2
202008270018,6
202008270018,2
202008270019,6
202008270020,6
202008270020,2
202008270021,6
202008270021,2
202008270021,7
202008270026,3
202008270027,7
202008270028,2
202008280004,3
202008280005,2
202008280008,3
202008280009,3
202008280011,3
202008280012,3
202008280013,7
202008280014,7
202008280015,7
202008280020,3
202008280021,2
202008280023,1
202008280024,3
202008280025,3
202008280027,2
202008280028,6
202008280031,3
202008280034,2
202008290002,6
202008290002,2
202008290003,3
202008290004,2
202008290005,2
202008290006,3
202008290007,3
202008290011,2
202008290012,3
202008290013,3
202008290014,3
202008290015,1
202008290016,2
202008300003,1
202008300004,2
202008300005,3
202008300008,1
202008300009,6
202008300010,3
202008300011,3
202008300015,1
202008300016,3
202008300017,2
202008310001,1
202008310002,3
202008310003,3
202008310004,3
202008310005,3
202008310009,3
202008310010,7
202008310011,2
202008310012,3
202008310013,3
202008310015,2
202008310016,3
202008310018,2
202008310020,3
202008310022,3
202008310025,3
202008310025,2
202008310027,7
202008310028,2
202008310029,5
202008310030,2
202008310031,3
202008310032,7
202009010001,3
202009010004,2
202009010005,1
202009010006,3
202009010011,3
202009010012,3
202009010013,3
202009010015,2
202009010017,1
202009010023,2
202009010023,7
202009010025,2
202009010026,7
202009010030,2
202009010031,2
202009010032,7
202009010033,3
202009020001,2
202009020003,2
202009020005,3
202009020008,1
202009020016,2
202009020018,2
202009020019,3
202009020020,1
202009020021,3
202009020022,1
202009020023,2
202009030001,3
202009030002,6
202009030003,2
202009030004,3
202009030006,3
202009030006,2
202009030009,3
202009030010,3
202009030011,1
202009030012,3
202009030013,3
202009030016,3
202009030017,1
202009030019,2
202009030021,3
202009030025,6
202009040003,2
202009040005,3
202009040006,2
202009040009,6
202009040010,6
202009040011,3
202009040013,2
202009040014,2
202009040022,1
202009050001,3
202009050002,2
202009050004,2
202009050005,3
202009050008,3
202009050009,2
202009050009,7
202009050011,3
202009050012,2
202009050015,2
202009050016,1
202009050025,3
202009050026,2
202009050029,2
202009050033,2
202009050038,3
202009050039,2
202009050040,2
202009050041,2
202009050042,2
202009050043,2
202009060001,3
202009060003,2
202009060004,3
202009060005,3
202009060007,2
202009060007,7
202009060008,3
202009060021,8
202009060022,2
202009060023,3
202009060024,3
202009060028,2
202009060032,6
202009060032,2
202009060034,3
202009060035,7
202009060036,7
202009060039,2
202009060040,2
202009060041,2
202009060042,2
202009060043,2
202009060044,3
202009060045,2
202009060047,2
202009060048,6
202009060049,3
202009060050,2
202009070001,3
202009070002,3
202009070003,3
202009070004,1
202009070005,3
202009070007,3
202009070008,3
202009070010,3
202009070011,3
202009070012,2
202009070014,3
202009070015,3
202009070017,2
202009070020,7
202009070021,2
202009070022,2
202009070033,3
202009070039,2
202009070042,6
202009080001,2
202009080002,2
202009080005,3
202009080006,3
202009080007,3
202009080009,6
202009080009,2
202009080011,2
202009080012,3
202009080014,2
202009080016,1
202009080017,3
202009080018,3
202009080020,6
202009080020,2
202009080020,7
202009080021,7
202009080023,3
202009080024,3
202009080025,7
202009080026,7
202009080027,2
202009080029,3
202009080033,3
202009080034,6
202009080034,2
202009080035,6
202009080035,2
202009080036,2
202009080037,2
202009080039,3
202009080041,6
202009080041,7
202009080043,2
202009080044,2
202009090002,1
202009090003,2
202009090005,2
202009090008,1
202009090009,2
202009090010,3
202009090011,2
202009090012,3
202009090013,3
202009090014,7
202009090015,7
202009090016,7
202009090017,2
202009090017,7
202009090018,5
202009090018,2
202009090018,7
202009090019,7
202009090021,3
202009090038,1
202009090042,2
202009090042,7
202009090043,2
202009090043,7
202009090044,2
202009090044,7
202009090045,2
202009090045,7
202009090046,2
202009090046,7
202009090047,2
202009090047,7
202009090048,5
202009100001,3
202009100002,3
202009100003,2
202009100004,6
202009100004,2
202009100006,3
202009100007,2
202009100008,6
202009100008,2
202009100010,2
202009100012,3
202009100013,7
202009100014,7
202009100015,2
202009100016,1
202009100017,2
202009100018,7
202009100019,3
202009100023,7
202009100024,7
202009100033,7
202009100038,3
202009100038,2
202009100043,2
202009100045,1
202009110002,3
202009110004,2
202009110006,2
202009110007,2
202009110009,2
202009110010,6
202009110010,2
202009110014,1
202009110015,3
202009110016,1
202009110017,6
202009110019,3
202009110020,3
202009110023,3
202009110026,2
202009110027,2
202009110028,2
202009110029,7
202009110032,6
202009110032,2
202009110033,2
202009110033,7
202009110036,2
202009110037,2
202009110042,3
202009110049,4
202009110049,7
202009120001,3
202009120004,2
202009120011,2
202009120016,3
202009120017,3
202009120018,3
202009120020,2
202009120021,3
202009120026,2
202009120027,3
202009120028,7
202009120029,2
202009120033,7
202009120034,2
202009130001,3
202009130002,2
202009130003,2
202009130004,3
202009130005,2
202009130008,3
202009130009,2
202009130010,1
202009130013,3
202009130015,6
202009130017,3
202009130019,1
202009130024,3
202009130027,3
202009130031,2
202009130032,2
202009130033,6
202009130041,5
202009140004,3
202009140004,2
202009140005,1
202009140006,2
202009140007,1
202009140008,3
202009140009,2
202009140012,3
202009140014,3
202009140015,3
202009140016,3
202009140019,1
202009140024,3
202009140025,1
202009140026,3
202009140027,2
202009140029,1
202009140030,3
202009140030,2
202009140031,3
202009140033,1
202009140034,1
202009150001,2
202009150003,3
202009150008,3
202009150009,2
202009150010,2
202009150011,1
202009150012,3
202009150013,7
202009150015,6
202009150015,2
202009150019,2
202009150025,3
202009150026,3
202009160001,2
202009160004,7
202009160007,3
202009160010,5
202009160010,7
202009160013,6
202009160017,6
202009160017,2
202009160021,1
202009160022,3
202009170005,3
202009170006,2
202009170014,7
202009170016,3
202009170019,3
202009170019,2
202009170020,3
202009170022,3
202009170023,7
202009170026,1
202009170027,3
202009170028,6
202009170028,2
202009170029,3
202009170030,2
202009170031,2
202009170035,2
202009170036,2
202009170037,2
202009170041,3
202009170042,3
202009170044,2
202009170047,2
202009170048,3
202009170049,2
202009180001,2
202009180002,7
202009180004,3
202009180005,3
202009180008,3
202009180013,3
202009180014,3
202009180015,2
202009180019,2
202009180020,3
202009180021,7
202009180022,3
202009180024,3
202009180027,3
202009180030,3
202009180033,2
202009180035,3
202009180036,3
202009190002,2
202009190003,3
202009190004,1
202009190006,1
202009190007,1
202009190010,3
202009190012,2
202009190013,3
202009190016,3
202009190017,2
202009190018,7
202009190020,1
202009190030,3
202009190031,3
202009200002,2
202009200007,6
202009200007,2
202009200007,7
202009200008,6
202009200008,2
202009200008,7
202009200009,6
202009200009,2
202009200009,7
202009200012,6
202009200012,3
202009200013,1
202009200015,3
202009200017,2
202009200018,6
202009200018,2
202009200018,7
202009200019,2
202009200021,1
202009200025,3
202009200026,3
202009200027,6
202009200028,2
202009200029,2
202009200041,3
202009210001,3
202009210006,3
202009210006,7
202009210010,3
202009210011,2
202009210014,3
202009210015,3
202009210016,1
202009210025,1
202009210026,2
202009210027,2
202009210028,2
202009210031,2
202009210032,6
202009210034,3
202009210035,3
202009210041,6
202009210042,6
202009220007,2
202009220011,3
202009220012,7
202009220013,3
202009220036,5
202009220037,6
202009220043,2
202009220044,3
202009220045,2
202009230001,2
202009230007,1
202009230008,3
202009230009,2
202009230011,6
202009230013,2
202009230016,2
202009230017,7
202009230018,3
202009230019,3
202009230022,3
202009230023,3
202009230025,3
202009230026,7
202009230027,1
202009230029,7
202009240004,3
202009240006,2
202009240007,2
202009240010,3
202009240011,2
202009240012,1
202009240017,2
202009240018,3
202009240019,1
202009240023,6
202009240023,7
202009240024,6
202009240024,2
202009240024,7
202009240025,7
202009240026,2
202009240028,3
202009250003,2
202009250005,2
202009250006,6
202009250006,2
202009250007,3
202009250008,2
202009250009,3
202009250012,3
202009250013,3
202009250016,2
202009250017,1
202009250019,6
202009250019,2
202009250019,7
202009250020,6
202009250020,2
202009250020,7
202009250021,6
202009250021,2
202009260001,2
202009260002,3
202009260003,6
202009260003,3
202009260003,2
202009260009,2
202009260010,6
202009260011,3
202009260016,2
202009260017,3
202009260018,2
202009260019,2
202009260022,6
202009260022,7
202009260023,3
202009260026,7
202009260027,6
202009260027,2
202009270001,2
202009270002,3
202009270003,3
202009270004,6
202009270004,2
202009270006,2
202009270009,2
202009270010,3
202009270011,3
202009270013,2
202009270014,3
202009270019,7
202009270022,1
202009270023,2
202009270024,2
202009270029,7
202009270031,1
202009270033,6
202009280001,3
202009280002,3
202009280006,2
202009280007,3
202009280010,2
202009280010,7
202009280015,3
202009280018,3
202009280019,2
202009280020,2
202009280021,2
202009280022,3
202009280023,2
202009280024,2
202009280031,2
202009280031,7
202009280035,3
202009280036,2
202009290003,3
202009290004,3
202009290008,2
202009290011,3
202009290012,2
202009290013,1
202009290014,2
202009290017,2
202009290017,7
202009290018,2
202009300001,2
202009300003,7
202009300005,3
202009300006,3
202009300007,2
202009300007,7
202009300009,3
202009300011,1
202009300012,3
202009300013,3
202009300014,1
202009300015,1
202009300016,1
202009300019,3
202009300020,2
202009300020,7
202009300022,6
202009300023,2
202009300025,1
202009300026,7
202009300027,2
202009300027,7
202009300031,3
202009300033,7
202010010003,3
202010010006,3
202010010007,3
202010010008,3
202010010010,2
202010010015,3
202010010018,2
202010010019,2
202010010022,6
202010010022,2
202010010023,6
202010010024,5
202010010024,7
202010010025,7
202010010026,7
202010010027,7
202010010028,7
202010010029,7
202010010030,7
202010020001,2
202010020003,2
202010020004,2
202010020014,2
202010020017,3
202010020018,3
202010020020,1
202010020021,3
202010030001,1
202010030002,2
202010030004,3
202010030005,2
202010030006,3
202010030009,3
202010030010,3
202010030011,2
202010030014,2
202010030015,2
202010030016,1
202010030017,3
202010030020,1
202010030022,2
202010030026,2
202010030026,7
202010040002,2
202010040004,1
202010040006,3
202010040007,3
202010040007,2
202010040008,3
202010040009,1
202010040010,1
202010040011,6
202010040012,2
202010040013,3
202010040014,2
202010040015,1
202010040016,3
202010040017,2
202010040020,2
202010040021,1
202010040022,6
202010040023,8
202010040024,2
202010040025,2
202010040029,7
202010050002,3
202010050003,1
202010050004,1
202010050009,3
202010050010,3
202010050011,3
202010050012,2
202010050013,2
202010050014,2
202010050015,2
202010050016,2
202010050017,3
202010050019,2
202010050020,3
202010050022,2
202010050023,2
202010050035,7
202010050036,3
202010060002,6
202010060002,3
202010060005,3
202010060007,2
202010060008,1
202010060009,3
202010060010,3
202010060011,1
202010060013,7
202010060016,3
202010060017,2
202010060017,7
202010060018,1
202010060019,3
202010060020,2
202010060021,3
202010060023,3
202010060024,3
202010060025,2
202010060026,2
202010060027,3
202010060028,2
202010060029,3
202010060031,3
202010060032,3
202010060033,2
202010060037,6
202010070001,1
202010070002,2
202010070003,3
202010070004,2
202010070005,2
202010070007,3
202010070008,3
202010070009,3
202010070010,2
202010070011,2
202010070012,3
202010070013,1
202010070015,3
202010070015,2
202010070016,2
202010070017,7
202010070019,2
202010070020,2
202010070021,6
202010070021,2
202010070021,7
202010070022,3
202010070023,3
202010070027,3
202010080001,3
202010080003,3
202010080005,2
202010080008,3
202010080012,3
202010080014,2
202010080014,7
202010080015,2
202010080018,1
202010080020,1
202010080022,1
202010080023,3
202010080027,7
202010080028,2
202010080029,1
202010080035,1
202010090001,3
202010090002,3
202010090003,2
202010090004,3
202010090006,1
202010090008,1
202010090009,3
202010090010,1
202010090012,6
202010090012,3
202010090014,5
202010090014,7
202010090016,3
202010090017,1
202010090019,2
202010090020,2
202010090021,3
202010090023,2
202010090024,3
202010090028,2
202010090029,7
202010090030,7
202010100003,3
202010100005,3
202010100005,2
202010100009,2
202010100009,7
202010100010,3
202010100013,1
202010100014,2
202010100017,3
202010100019,2
202010100025,7
202010100027,2
202010100028,3
202010100029,3
202010100031,2
202010100032,6
202010100033,2
202010100034,3
202010100038,2
202010100039,3
202010110006,6
202010110006,7
202010110007,6
202010110007,7
202010110008,3
202010110009,3
202010110010,3
202010110013,3
202010110014,3
202010110015,3
202010110016,3
202010110019,3
202010110019,2
202010110020,2
202010120005,2
202010120007,2
202010120008,3
202010120009,6
202010120012,3
202010120015,1
202010120016,2
202010120017,3
202010120018,2
202010120019,3
202010120020,2
202010120024,3
202010120025,3
202010120026,1
202010130001,3
202010130002,3
202010130003,1
202010130004,2
202010130007,3
202010130007,2
202010130008,2
202010130010,3
202010130015,1
202010130016,1
202010130017,3
202010130018,3
202010130019,3
202010130020,1
202010130021,2
202010130022,3
202010130023,3
202010130024,1
202010140002,3
202010140003,3
202010140005,3
202010140006,3
202010140007,2
202010140009,2
202010140010,3
202010140013,6
202010140013,7
202010140016,3
202010140017,2
202010140020,3
202010140021,3
202010140024,2
202010140025,2
202010140026,2
202010140027,2
202010140031,3
202010140031,2
202010140033,1
202010140034,3
202010150001,2
202010150003,3
202010150004,2
202010150005,2
202010150007,3
202010150008,3
202010150009,3
202010150009,2
202010150010,3
202010150011,3
202010150011,2
202010150014,3
202010150016,3
202010150017,2
202010150019,2
202010150020,2
202010150024,1
202010150026,2
202010150027,2
202010150030,6
202010150030,7
202010160002,2
202010160004,3
202010160005,3
202010160007,6
202010160012,3
202010160014,3
202010160017,6
202010160017,2
202010160021,2
202010160022,2
202010160023,7
202010160024,2
202010160025,7
202010160026,3
202010160028,2
202010160028,7
202010160029,3
202010160031,2
202010160037,1
202010170001,1
202010170003,2
202010170004,2
202010170006,6
202010170007,7
202010170016,3
202010170018,1
202010170019,2
202010170020,3
202010170021,3
202010170023,3
202010170024,3
202010170025,3
202010170027,3
202010170028,2
202010170029,2
202010170030,2
202010170033,3
202010170035,3
202010180002,3
202010180003,3
202010180004,3
202010180005,3
202010180006,3
202010180008,3
202010180011,3
202010180012,3
202010180013,2
202010180014,7
202010180015,1
202010180016,2
202010180017,2
202010180018,6
202010180019,1
202010180020,3
202010180023,2
202010180024,1
202010180025,2
202010180025,7
202010180026,2
202010180027,6
202010180028,3
202010180030,2
202010180032,7
202010190002,1
202010190003,2
202010190007,2
202010190008,2
202010190009,1
202010190010,3
202010190010,2
202010190011,7
202010190012,2
202010190021,2
202010190022,3
202010190025,2
202010190027,6
202010190027,7
202010200002,3
202010200003,3
202010200004,3
202010200011,7
202010200012,3
202010200013,3
202010200014,3
202010200016,1
202010200018,6
202010200020,3
202010200021,3
202010200022,2
202010200024,3
202010200026,3
202010200027,2
202010200027,7
202010200028,2
202010200028,7
202010200029,2
202010200029,7
202010200032,1
202010200034,3
202010200035,3
202010200037,1
202010210005,3
202010210006,2
202010210007,1
202010210008,1
202010210009,3
202010210010,2
202010210014,2
202010210014,7
202010210015,2
202010210016,7
202010210017,2
202010210017,7
202010210018,2
202010210018,7
202010210020,3
202010210021,6
202010210022,2
202010210024,2
202010210024,7
202010210025,2
202010210025,7
202010210026,2
202010210026,7
202010210027,2
202010210027,7
202010210028,2
202010210028,7
202010210029,2
202010210029,7
202010210031,2
202010210033,3
202010210034,3
202010210035,2
202010210036,7
202010210037,2
202010210040,7
202010210042,3
202010210044,7
202010220001,3
202010220002,3
202010220003,3
202010220004,1
202010220005,3
202010220007,3
202010220016,2
202010220016,7
202010220017,2
202010220017,7
202010220018,1
202010220022,3
202010220023,3
202010220024,2
202010230008,2
202010230010,3
202010230013,2
202010230014,3
202010230015,3
202010230018,3
202010230019,2
202010230019,7
202010230021,3
202010230022,3
202010230024,3
202010230025,3
202010230026,3
202010240001,2
202010240002,3
202010240003,3
202010240004,2
202010240009,3
202010240011,2
202010240011,7
202010240013,7
202010240014,7
202010240015,3
202010240016,2
202010240019,2
202010240020,2
202010240021,2
202010240021,7
202010240022,3
202010240023,3
202010240024,3
202010240029,2
202010240030,2
202010250001,2
202010250002,3
202010250003,3
202010250004,3
202010250005,3
202010250008,2
202010250009,3
202010250011,1
202010250013,6
202010250014,2
202010250015,3
202010250016,7
202010250020,1
202010250022,6
202010250023,7
202010250024,3
202010250025,3
202010260001,2
202010260002,3
202010260004,3
202010260005,3
202010260007,2
202010260008,3
202010260009,2
202010260010,3
202010260011,7
202010260015,3
202010260016,3
202010260019,2
202010260021,2
202010270001,3
202010270002,3
202010270003,2
202010270004,2
202010270005,3
202010270006,3
202010270006,2
202010270007,2
202010270008,3
202010270009,3
202010270010,3
202010270011,1
202010270012,3
202010270013,3
202010270018,2
202010270020,3
202010270021,3
202010270022,3
202010270023,3
202010270024,3
202010270025,3
202010270026,3
202010270030,3
202010270031,2
202010270032,3
202010270037,3
202010270038,3
202010280002,2
202010280003,2
202010280005,3
202010280006,2
202010280006,7
202010280007,3
202010280008,3
202010280010,2
202010280011,3
202010280012,2
202010280016,3
202010280017,3
202010280018,3
202010280022,3
202010280023,3
202010280026,3
202010280027,3
202010280028,3
202010280030,2
202010280031,7
202010290001,2
202010290002,2
202010290003,2
202010290004,3
202010290005,2
202010290006,2
202010290009,6
202010290009,2
202010290012,1
202010290014,1
202010290015,2
202010290020,2
202010300001,6
202010300001,2
202010300001,7
202010300003,2
202010300005,3
202010300007,3
202010300007,2
202010300008,3
202010300009,3
202010300010,2
202010300010,7
202010300012,3
202010300014,3
202010300016,2
202010300017,3
202010300018,3
202010300019,3
202010300022,2
202010300025,7
202010310003,1
202010310004,2
202010310005,2
202010310007,3
202010310009,2
202010310011,7
202010310012,2
202010310015,2
202010310015,7
202010310016,6
202010310016,2
202010310016,7
202010310017,2
202010310017,7
202010310018,6
202010310018,2
202010310018,7
202010310019,6
202010310019,2
202010310019,7
202010310020,6
202010310020,2
202010310020,7
202010310027,2
202010310028,1
202011010002,1
202011010003,3
202011010005,1
202011010006,3
202011010007,1
202011010008,2
202011010009,3
202011010011,2
202011010011,7
202011010012,2
202011010012,7
202011010013,2
202011010013,7
202011010016,3
202011010017,6
202011010017,7
202011010020,6
202011010020,7
202011010021,6
202011010021,7
202011010022,2
202011010023,3
202011010026,2
202011010028,2
202011010029,1
202011020001,1
202011020002,3
202011020005,3
202011020006,3
202011020007,2
202011020008,5
202011020008,3
202011020008,2
202011020009,6
202011020019,1
202011020020,3
202011020021,3
202011020023,3
202011020024,3
202011020032,3
202011030001,3
202011030003,2
202011030004,2
202011030006,6
202011030007,3
202011030007,2
202011030008,2
202011030009,2
202011030013,2
202011030014,7
202011030015,1
202011030016,2
202011030017,7
202011030018,1
202011030019,1
202011030024,2
202011030024,7
202011030026,1
202011030027,3
202011040001,2
202011040002,3
202011040002,2
202011040006,5
202011040006,7
202011040010,3
202011040011,3
202011040012,2
202011040013,7
202011040015,3
202011040017,3
202011040018,3
202011040019,3
202011040021,7
202011040022,6
202011040023,2
202011050002,1
202011050004,2
202011050005,1
202011050006,3
202011050009,1
202011050010,2
202011050011,2
202011050012,3
202011050013,3
202011050014,1
202011050017,2
202011050018,7
202011050019,7
202011050021,6
202011050022,2
202011050024,7
202011050032,3
202011050033,3
202011050034,3
202011050035,7
202011050036,2
202011060002,3
202011060003,1
202011060004,6
202011060004,7
202011060005,6
202011060005,7
202011060006,2
202011060006,7
202011060008,2
202011060008,7
202011060009,2
202011060010,3
202011060016,3
202011060018,1
202011060019,2
202011060021,2
202011060023,3
202011060026,5
202011060026,7
202011060028,2
202011070001,1
202011070002,3
202011070003,2
202011070005,2
202011070007,3
202011070008,3
202011070009,3
202011070011,2
202011070011,7
202011070015,3
202011070016,3
202011070017,2
202011070017,7
202011070018,3
202011070021,7
202011070023,3
202011070025,2
202011080001,3
202011080002,3
202011080005,1
202011080007,2
202011080008,3
202011080008,2
202011080009,3
202011080009,2
202011080010,3
202011080011,3
202011080012,3
202011080014,2
202011080018,2
202011080019,6
202011080019,2
202011080019,7
202011080021,1
202011080022,2
202011080028,7
202011080029,7
202011080036,2
202011080040,3
202011080041,2
202011080042,3
202011080046,2
202011080048,3
202011080049,1
202011090002,3
202011090003,3
202011090004,1
202011090005,2
202011090007,3
202011090009,6
202011090010,2
202011090011,2
202011090015,6
202011090015,2
202011090017,1
202011090019,1
202011090020,1
202011090027,3
202011090031,2
202011090032,2
202011090033,1
202011090035,6
202011100001,1
202011100002,3
202011100003,2
202011100004,2
202011100006,3
202011100006,2
202011100008,2
202011100014,3
202011100015,1
202011100016,1
202011100018,1
202011100021,2
202011100022,1
202011100024,2
202011100026,3
202011100028,2
202011110002,2
202011110003,3
202011110007,2
202011110008,3
202011110009,7
202011110011,6
202011110011,7
202011110013,7
202011110014,3
202011110015,3
202011110016,3
202011110021,6
202011110021,2
202011110021,7
202011110022,7
202011110023,1
202011110024,2
202011110025,3
202011110026,3
202011110028,3
202011110029,1
202011120001,3
202011120002,1
202011120003,3
202011120004,1
202011120005,3
202011120007,2
202011120009,3
202011120012,7
202011120013,7
202011120014,7
202011120015,7
202011120016,7
202011120017,7
202011120018,7
202011120019,7
202011120020,7
202011120021,3
202011120023,2
202011120026,2
202011120026,7
202011120027,7
202011120028,7
202011120029,3
202011120031,3
202011120032,3
202011120034,6
202011120036,6
202011120037,1
202011130002,3
202011130004,3
202011130006,3
202011130007,3
202011130008,3
202011130019,2
202011130020,3
202011130021,3
202011130023,3
202011130024,3
202011130025,2
202011130038,2
202011140002,3
202011140004,3
202011140005,3
202011140007,6
202011140016,3
202011140020,3
202011140021,3
202011140024,2
202011150001,3
202011150003,3
202011150004,3
202011150005,6
202011150005,3
202011150006,2
202011150006,7
202011150007,7
202011150009,2
202011150013,3
202011150014,3
202011150015,1
202011150016,2
202011150018,3
202011150019,7
202011150020,7
202011160001,1
202011160004,2
202011160006,3
202011160007,3
202011160010,3
202011160013,2
202011160014,3
202011160016,3
202011160017,6
202011160018,6
202011160018,2
202011160019,3
202011160022,3
202011160026,2
202011160027,3
202011170001,3
202011170002,6
202011170002,2
202011170002,7
202011170003,3
202011170005,2
202011170006,2
202011170009,2
202011170010,3
202011170011,3
202011170013,6
202011170013,7
202011170014,2
202011170015,2
202011170017,3
202011170018,1
202011170023,3
202011170024,3
202011170032,6
202011180001,1
202011180002,3
202011180005,2
202011180007,3
202011180008,3
202011180010,2
202011180011,3
202011180013,3
202011180019,3
202011190001,3
202011190002,6
202011190002,2
202011190002,7
202011190003,3
202011190007,3
202011190008,3
202011190009,2
202011190010,3
202011190018,2
202011200004,6
202011200005,3
202011200006,3
202011200008,2
202011200009,3
202011200010,3
202011200013,2
202011200021,2
202011200022,3
202011200023,3
202011200026,2
202011210001,3
202011210002,3
202011210004,3
202011210005,3
202011210006,2
202011210007,4
202011210007,3
202011210007,2
202011210008,3
202011210010,3
202011210011,3
202011210012,3
202011210013,3
202011210014,3
202011210015,3
202011210016,3
202011210017,3
202011210018,3
202011210019,3
202011210022,3
202011210023,3
202011210024,2
202011210025,2
202011210026,5
202011210026,7
202011210027,3
202011210028,1
202011210030,2
202011210030,7
202011210032,1
202011210033,6
202011210033,2
202011210035,2
202011210035,7
202011210036,3
202011210036,2
202011210037,2
202011210039,3
202011210040,3
202011210041,3
202011210043,1
202011220001,3
202011220004,6
202011220004,2
202011220005,3
202011220006,3
202011220007,3
202011220008,3
202011220009,3
202011220010,2
202011220011,3
202011220012,3
202011220013,3
202011220020,3
202011220021,7
202011220022,3
202011220022,2
202011230001,2
202011230004,3
202011230005,6
202011230010,6
202011230010,2
202011230011,2
202011230013,3
202011230017,2
202011230017,7
202011230019,2
202011230019,7
202011230024,2
202011230025,2
202011230027,3
202011230028,1
202011230029,2
202011240002,1
202011240003,3
202011240006,1
202011240007,3
202011240008,3
202011240011,3
202011240012,1
202011240013,2
202011240014,2
202011240015,1
202011240016,2
202011240017,7
202011240019,7
202011240020,6
202011240021,1
202011240024,2
202011240024,7
202011240025,2
202011240028,2
202011240029,1
202011240030,2
202011240030,7
202011240034,2
202011250002,6
202011250003,6
202011250004,3
202011250005,2
202011250008,3
202011250009,3
202011250011,3
202011250013,3
202011250014,2
202011250016,2
202011250022,7
202011250025,7
202011250026,7
202011250028,7
202011250029,3
202011250030,6
202011250031,2
202011260001,2
202011260004,8
202011260004,7
202011260006,3
202011260007,2
202011260008,2
202011260009,3
202011260010,3
202011260018,3
202011260019,3
202011260020,2
202011260022,2
202011260022,7
202011260028,2
202011260029,2
202011260033,1
202011270001,6
202011270001,2
202011270001,7
202011270004,3
202011270005,3
202011270006,3
202011270007,3
202011270008,2
202011270008,7
202011270010,3
202011270011,3
202011270013,3
202011270016,3
202011270026,3
202011270031,3
202011280001,2
202011280003,3
202011280004,3
202011280005,3
202011280006,1
202011280007,1
202011280009,6
202011280009,2
202011280009,7
202011280012,3
202011280013,3
202011280014,6
202011280016,1
202011280017,3
202011280019,2
202011280019,7
202011280022,3
202011280023,2
202011280024,2
202011280029,2
202011280030,3
202011280032,2
202011280035,2
202011290001,1
202011290002,3
202011290003,3
202011290003,2
202011290004,3
202011290005,3
202011290007,3
202011290011,3
202011290012,1
202011290013,3
202011290022,1
202011290023,3
202011290024,3
202011290025,2
202011290027,3
202011290035,2
202011290036,2
202011300001,3
202011300002,3
202011300003,1
202011300004,2
202011300005,2
202011300006,3
202011300007,3
202011300008,2
202011300009,1
202011300010,2
202011300010,7
202011300012,3
202011300013,2
202011300014,3
202011300015,2
202011300016,2
202011300017,2
202011300018,6
202011300018,2
202011300018,7
202011300021,3
202011300022,3
202011300023,3
202012010002,1
202012010004,3
202012010005,3
202012010006,3
202012010007,2
202012010009,3
202012010010,2
202012010014,3
202012010015,7
202012010022,2
202012010026,6
202012010026,2
202012010029,1
202012010030,1
202012010031,1
202012010032,3
202012010034,3
202012020004,2
202012020006,6
202012020007,3
202012020009,6
202012020011,2
202012020012,2
202012020016,2
202012020017,2
202012020018,2
202012020019,3
202012020025,3
202012030001,3
202012030003,3
202012030004,3
202012030005,2
202012030006,3
202012030006,7
202012030011,2
202012030011,7
202012030015,2
202012030016,3
202012030022,2
202012030023,3
202012040001,2
202012040003,3
202012040005,1
202012040008,1
202012040009,7
202012050001,2
202012050003,2
202012050004,6
202012050005,3
202012050008,2
202012050008,7
202012050009,3
202012050010,1
202012050014,2
202012050015,2
202012050017,3
202012050020,2
202012050021,1
202012060003,2
202012060005,2
202012060017,2
202012060018,1
202012060019,2
202012060020,2
202012060024,3
202012060025,3
202012060026,3
202012060027,2
202012060030,2
202012060033,3
202012070001,1
202012070003,2
202012070003,7
202012070006,3
202012070009,3
202012070010,2
202012070010,7
202012070016,3
202012070021,6
202012070022,6
202012070025,1
202012070028,2
202012070029,3
202012070030,3
202012070031,2
202012070032,2
202012080004,3
202012080005,3
202012080009,1
202012080010,6
202012080011,2
202012080012,2
202012080015,7
202012080041,2
202012090001,6
202012090002,3
202012090003,3
202012090007,3
202012090007,2
202012090008,3
202012090010,1
202012090011,2
202012090012,7
202012090013,3
202012090016,2
202012090016,7
202012090017,2
202012090018,2
202012090020,2
202012090022,1
202012090029,3
202012090035,6
202012090035,2
202012100001,1
202012100002,3
202012100004,3
202012100019,2
202012100023,3
202012100024,3
202012100026,2
202012100031,7
202012100032,2
202012100032,7
202012100033,3
202012100034,3
202012100035,2
202012100038,7
202012100039,6
202012110003,2
202012110008,2
202012110009,3
202012110011,7
202012110018,3
202012110019,3
202012110022,3
202012110024,2
202012110027,3
202012110030,1
202012110035,2
202012120001,2
202012120003,3
202012120004,3
202012120005,2
202012120005,7
202012120009,3
202012120010,3
202012120011,3
202012120012,3
202012120013,3
202012120014,3
202012120015,1
202012120016,3
202012120017,6
202012120018,3
202012120020,2
202012120021,3
202012120021,2
202012120022,3
202012120022,2
202012120023,3
202012120023,2
202012120024,3
202012120024,2
202012120025,3
202012120025,2
202012120026,3
202012120028,3
202012120029,3
202012130002,3
202012130005,3
202012130006,2
202012130007,3
202012130009,2
202012130012,2
202012130013,1
202012130021,3
202012130022,3
202012130023,1
202012130023,6
202012130027,7
202012130030,7
202012130031,2
202012130035,7
202012130036,7
202012130043,2
202012130044,6
202012130044,2
202012140001,3
202012140003,3
202012140004,3
202012140006,1
202012140015,3
202012140015,2
202012140016,3
202012140017,3
202012140019,7
202012140020,3
202012140021,3
202012140023,2
202012140024,3
202012140026,2
202012140026,7
202012140027,7
202012140028,7
202012140030,3
202012140034,6
202012140034,2
202012140036,7
202012150001,1
202012150004,2
202012150005,1
202012150012,1
202012150013,3
202012150014,3
202012150019,2
202012150020,1
202012150026,2
202012150026,7
202012150027,3
202012150028,7
202012150029,2
202012150031,6
202012150034,3
202012160002,3
202012160004,2
202012160006,3
202012160007,2
202012160008,3
202012160009,2
202012160010,3
202012160011,3
202012160015,6
202012160015,2
202012160016,6
202012160016,2
202012160021,3
202012160022,1
202012160023,2
202012160029,2
202012160030,2
202012160031,3
202012160037,3
202012160038,1
202012160039,2
202012170001,2
202012170002,3
202012170003,2
202012170015,7
202012170018,1
202012170022,2
202012170024,2
202012170025,3
202012170026,2
202012170026,7
202012170028,6
202012170028,7
202012170033,3
202012170034,3
202012170035,7
202012170036,7
202012170037,1
202012170038,2
202012180001,1
202012180002,1
202012180003,2
202012180005,2
202012180006,3
202012180007,1
202012180009,1
202012180010,6
202012180010,2
202012180010,7
202012180012,3
202012180015,3
202012180016,3
202012180028,7
202012190001,3
202012190018,2
202012190020,3
202012190021,2
202012190023,6
202012190023,7
202012190028,3
202012190030,3
202012190031,2
202012190032,3
202012190033,2
202012200001,3
202012200003,3
202012200004,3
202012200005,3
202012200007,3
202012200008,3
202012200009,2
202012200010,3
202012200011,3
202012200012,3
202012200013,2
202012200014,1
202012200015,3
202012200016,1
202012200017,3
202012200018,2
202012200020,8
202012200021,6
202012200027,3
202012200027,2
202012200028,3
202012200030,3
202012200031,1
202012200033,3
202012210001,3
202012210002,3
202012210003,1
202012210005,2
202012210009,3
202012210014,2
202012210015,6
202012210015,2
202012210016,6
202012210016,2
202012210018,2
202012210019,6
202012210025,3
202012210026,2
202012220001,3
202012220002,3
202012220005,3
202012220007,3
202012220008,3
202012220009,3
202012220010,1
202012220013,3
202012220023,2
202012220023,7
202012220026,2
202012220026,7
202012220027,2
202012220027,7
202012220028,2
202012220028,7
202012220029,2
202012220035,6
202012230001,1
202012230002,3
202012230003,3
202012230004,3
202012230006,2
202012230007,1
202012230009,2
202012230010,3
202012230011,2
202012230012,2
202012230012,7
202012230016,3
202012230017,3
202012230019,2
202012230020,3
202012240001,2
202012240002,3
202012240003,3
202012240004,1
202012240006,3
202012240007,3
202012240008,6
202012240009,6
202012240009,2
202012240009,7
202012240010,6
202012240010,2
202012240010,7
202012240011,3
202012240015,3
202012240019,1
202012240025,3
202012240030,3
202012250003,3
202012250004,3
202012250014,1
202012250015,2
202012250016,2
202012250017,2
202012250018,2
202012250022,7
202012250023,7
202012250024,7
202012250025,7
202012250026,7
202012250027,3
202012250028,3
202012250030,6
202012250031,2
202012260001,2
202012260002,3
202012260003,1
202012260004,3
202012260005,2
202012260006,2
202012260007,3
202012260009,3
202012260010,3
202012260012,2
202012260012,7
202012260013,2
202012260013,7
202012260014,2
202012260014,7
202012260015,2
202012260015,7
202012260017,1
202012260027,3
202012260028,3
202012260029,3
202012260030,3
202012260031,3
202012260032,3
202012260033,3
202012260034,3
202012260035,3
202012260036,3
202012260037,3
202012260038,3
202012260039,3
202012260041,3
202012270001,2
202012270003,1
202012270005,3
202012270006,3
202012270011,3
202012270013,7
202012270014,6
202012270015,7
202012270016,7
202012270017,7
202012270018,7
202012270019,2
202012270021,3
202012270022,2
202012270025,2
202012270025,7
202012270026,2
202012270026,7
202012280001,3
202012280002,2
202012280003,1
202012280006,3
202012280008,3
202012280009,3
202012280009,2
202012280010,3
202012280011,3
202012280012,2
202012280017,2
202012280017,7
202012280018,3
202012280022,7
202012280023,3
202012290001,1
202012290004,3
202012290005,3
202012290007,2
202012290010,1
202012290014,3
202012290015,3
202012290017,3
202012290019,3
202012290022,3
202012290022,2
202012290023,2
202012290024,3
202012290025,3
202012290025,2
202012290026,3
202012290030,1
202012290031,1
202012290032,2
202012290033,2
202012290034,2
202012290035,2
202012290036,2
202012290036,7
202012290037,2
202012290038,2
202012300001,2
202012300002,2
202012300003,3
202012300003,2
202012300008,1
202012300009,1
202012300012,3
202012300013,3
202012300014,3
202012300015,2
202012300016,3
202012300017,7
202012310001,1
202012310002,3
202012310003,3
202012310004,1
202012310005,2
202012310006,2
202012310007,3
202012310008,6
202012310008,7
202012310010,3
202012310012,6
202012310012,2
202012310013,3
202012310014,7
202012310017,7
202012310018,2
202012310019,2
